7483,73,218545978,4/12/2017,NULL,0
5659,73,217102995,3/27/2017,NULL,0
6963,73,218065035,NULL,4/6/2017,0
4372,73,236959441,NULL,3/15/2017,0
4300,73,222581233,NULL,3/15/2017,0
4373,73,218545978,3/16/2017,NULL,0
6965,73,236969077,NULL,4/6/2017,0
4370,73,217953355,NULL,3/15/2017,0
6964,73,207052606,NULL,4/6/2017,0
7302,73,232702704,4/11/2017,NULL,0
7303,73,215738816,4/11/2017,NULL,0
7300,73,216901678,4/11/2017,NULL,0
7301,73,215455122,4/11/2017,NULL,0
7306,73,220389456,4/11/2017,NULL,0
7307,73,214888349,4/11/2017,NULL,0
7304,73,221181480,4/11/2017,NULL,0
7305,73,220012637,4/11/2017,NULL,0
4145,73,220499545,NULL,3/13/2017,0
4376,73,226730190,3/16/2017,NULL,0
7308,73,216046821,4/11/2017,NULL,0
7309,73,212804280,4/11/2017,NULL,0
4141,73,220962914,NULL,3/13/2017,0
4140,73,216631093,NULL,3/13/2017,0
4143,73,220389456,NULL,3/13/2017,0
4377,73,242036549,3/16/2017,NULL,0
5650,73,220202287,3/27/2017,NULL,0
5651,73,221013758,3/27/2017,NULL,0
4309,73,216863860,NULL,3/15/2017,0
4839,73,226730190,3/21/2017,NULL,0
4838,73,223198193,3/21/2017,3/23/2017,54.717
7045,73,221142714,NULL,4/6/2017,0
7044,73,226672145,NULL,4/6/2017,0
7047,73,215890245,NULL,4/6/2017,0
7046,73,216487819,NULL,4/6/2017,0
7041,73,235383247,NULL,4/6/2017,0
7040,73,216453183,NULL,4/6/2017,0
7043,73,223274853,NULL,4/6/2017,0
7042,73,224819219,NULL,4/6/2017,0
4170,73,236959094,NULL,3/13/2017,0
7049,73,220962930,NULL,4/6/2017,0
7048,73,216453423,NULL,4/6/2017,0
4171,73,216885871,NULL,3/13/2017,0
4938,73,218545978,3/22/2017,NULL,0
4939,73,220012579,3/22/2017,NULL,0
4329,73,223983198,NULL,3/15/2017,0
4328,73,215675604,NULL,3/15/2017,0
6989,73,236052197,NULL,4/6/2017,0
6988,73,220368674,NULL,4/6/2017,0
4321,73,223339714,NULL,3/15/2017,0
4178,73,218545978,NULL,3/13/2017,0
4323,73,216102640,NULL,3/15/2017,0
4322,73,216564161,NULL,3/15/2017,0
4325,73,237002209,NULL,3/15/2017,0
4324,73,216759860,NULL,3/15/2017,0
4327,73,217182989,NULL,3/15/2017,0
4326,73,214888349,NULL,3/15/2017,0
5414,73,224819219,NULL,3/23/2017,0
5415,73,215738816,NULL,3/23/2017,0
5416,73,220982136,NULL,3/23/2017,0
5417,73,222274300,NULL,3/23/2017,0
5410,73,223323957,NULL,3/23/2017,0
5411,73,222467359,NULL,3/23/2017,0
5412,73,218509479,NULL,3/23/2017,0
5413,73,223156704,NULL,3/23/2017,0
5418,73,216766659,NULL,3/23/2017,0
5419,73,215675604,NULL,3/23/2017,0
5429,73,218621787,3/24/2017,NULL,0
4215,73,213777147,NULL,3/13/2017,0
4214,73,216440479,NULL,3/13/2017,0
4217,73,226884740,3/15/2017,3/15/2017,2.6
4216,73,237134309,NULL,3/13/2017,0
4211,73,227688280,NULL,3/13/2017,0
4210,73,231764408,NULL,3/13/2017,0
4198,73,222598781,NULL,3/13/2017,0
4199,73,223108622,NULL,3/13/2017,0
4196,73,223206558,NULL,3/13/2017,0
4197,73,219935822,NULL,3/13/2017,0
4194,73,232531681,NULL,3/13/2017,0
4195,73,275281558,NULL,3/13/2017,0
4219,73,216901678,3/15/2017,NULL,0
4218,73,211722079,3/15/2017,NULL,0
4190,73,226884740,NULL,3/13/2017,0
4191,73,216486993,NULL,3/13/2017,0
5670,73,220703003,3/27/2017,NULL,0
4358,73,222537730,3/15/2017,NULL,0
4359,73,201706009,3/15/2017,NULL,0
5428,73,214492027,NULL,3/23/2017,0
4354,73,216273300,NULL,3/15/2017,0
4149,73,239651193,NULL,3/13/2017,0
4356,73,214712432,NULL,3/15/2017,0
4357,73,215238999,NULL,3/15/2017,0
4350,73,220012637,NULL,3/15/2017,0
4351,73,216486993,NULL,3/15/2017,0
4352,73,232403402,NULL,3/15/2017,0
4148,73,216453423,NULL,3/13/2017,0
4813,73,220214647,3/21/2017,3/23/2017,55.017
4812,73,211722079,3/21/2017,NULL,0
4817,73,220814677,3/21/2017,NULL,0
4816,73,226857217,3/21/2017,NULL,0
4815,73,237002209,3/21/2017,3/23/2017,55.4
4814,73,224358028,3/21/2017,NULL,0
4819,73,242942639,3/21/2017,3/23/2017,55.3
4818,73,226777548,3/21/2017,3/23/2017,55.3
4115,73,217197920,NULL,3/13/2017,0
5402,73,220288385,NULL,3/23/2017,0
4144,73,219995776,NULL,3/13/2017,0
4952,73,207052606,3/22/2017,NULL,0
4953,73,216487223,3/22/2017,NULL,0
4950,73,227688280,3/22/2017,NULL,0
4951,73,217197698,3/22/2017,NULL,0
4147,73,217197698,NULL,3/13/2017,0
4080,73,214842387,3/7/2017,NULL,0
4146,73,220102644,NULL,3/13/2017,0
7488,73,214481558,4/12/2017,NULL,0
4101,73,222247652,NULL,3/13/2017,0
4100,73,220370043,NULL,3/13/2017,0
4103,73,220372304,NULL,3/13/2017,0
4102,73,215455122,NULL,3/13/2017,0
4105,73,223269705,NULL,3/13/2017,0
4104,73,223323957,NULL,3/13/2017,0
4107,73,221181480,NULL,3/13/2017,0
4106,73,222537607,NULL,3/13/2017,0
4109,73,219936788,NULL,3/13/2017,0
4084,73,215009176,3/10/2017,NULL,0
4142,73,221373046,NULL,3/13/2017,0
4085,73,221855265,3/13/2017,3/13/2017,6.683
7069,73,216215483,NULL,4/6/2017,0
7092,73,218545978,4/7/2017,NULL,0
6962,73,236966107,NULL,4/6/2017,0
4118,73,221536113,NULL,3/13/2017,0
4119,73,207052606,NULL,3/13/2017,0
7009,73,220012579,NULL,4/6/2017,0
7008,73,209886068,NULL,4/6/2017,0
6986,73,220317283,NULL,4/6/2017,0
7000,73,214508384,NULL,4/6/2017,0
7003,73,220328215,NULL,4/6/2017,0
7002,73,227688280,NULL,4/6/2017,0
7005,73,220288385,NULL,4/6/2017,0
7004,73,221013758,NULL,4/6/2017,0
7007,73,221214497,NULL,4/6/2017,0
4298,73,218545978,NULL,3/15/2017,0
4174,73,220879977,NULL,3/13/2017,0
4175,73,216487819,NULL,3/13/2017,0
4176,73,216116616,NULL,3/13/2017,0
4177,73,216487223,NULL,3/13/2017,0
4079,73,223331547,3/7/2017,NULL,0
4078,73,218696326,3/7/2017,NULL,0
4172,73,223274853,NULL,3/13/2017,0
4173,73,218924942,NULL,3/13/2017,0
4075,73,218696326,3/6/2017,NULL,0
4074,73,218696326,3/1/2017,NULL,0
4077,73,218696326,3/7/2017,NULL,0
4076,73,201706009,3/6/2017,NULL,0
4071,73,218696326,2/27/2017,NULL,0
4179,73,215540311,NULL,3/13/2017,0
4073,73,206213316,2/27/2017,NULL,0
4072,73,201706009,2/27/2017,NULL,0
4295,73,215453226,NULL,3/15/2017,0
4296,73,239651193,NULL,3/15/2017,0
4611,73,220389456,3/17/2017,NULL,0
4610,73,236959441,3/17/2017,NULL,0
4613,73,219935822,3/17/2017,NULL,0
4612,73,221855265,3/17/2017,NULL,0
4615,73,218545978,3/17/2017,NULL,0
4614,73,220801286,3/17/2017,NULL,0
4616,73,213026750,3/17/2017,NULL,0
5357,73,212804280,NULL,3/23/2017,0
5356,73,220370043,NULL,3/23/2017,0
5355,73,220703003,NULL,3/23/2017,0
7078,73,216241711,4/7/2017,NULL,0
7079,73,216328336,4/7/2017,NULL,0
7074,73,215732025,NULL,4/6/2017,0
7075,73,220135701,NULL,4/6/2017,0
7076,73,216403600,NULL,4/6/2017,0
7077,73,240191627,NULL,4/6/2017,0
7070,73,216490482,NULL,4/6/2017,0
7071,73,217315563,NULL,4/6/2017,0
5359,73,240758177,NULL,3/23/2017,0
5358,73,218688414,NULL,3/23/2017,0
7068,73,226672012,NULL,4/6/2017,0
4259,73,218621787,NULL,3/15/2017,0
4258,73,223156704,NULL,3/15/2017,0
4312,73,220368674,NULL,3/15/2017,0
4313,73,216095224,NULL,3/15/2017,0
4314,73,226672145,NULL,3/15/2017,0
4315,73,220214738,NULL,3/15/2017,0
4316,73,220162432,NULL,3/15/2017,0
4317,73,220301287,NULL,3/15/2017,0
4251,73,223241829,NULL,3/15/2017,0
4250,73,234897031,NULL,3/15/2017,0
4253,73,219714201,NULL,3/15/2017,0
4252,73,223331547,NULL,3/15/2017,0
4255,73,219040045,NULL,3/15/2017,0
4254,73,224358028,NULL,3/15/2017,0
4257,73,224819219,NULL,3/15/2017,0
4256,73,223444464,NULL,3/15/2017,0
7001,73,223198193,NULL,4/6/2017,0
4919,73,218512499,3/22/2017,NULL,0
4269,73,221163843,NULL,3/15/2017,0
4260,73,223276627,NULL,3/15/2017,0
4261,73,223276627,NULL,3/15/2017,0
6980,73,236959060,NULL,4/6/2017,0
7065,73,223444464,NULL,4/6/2017,0
4263,73,233775485,NULL,3/15/2017,0
4228,73,220389456,3/15/2017,NULL,0
4229,73,217102995,3/15/2017,NULL,0
4224,73,224458307,3/15/2017,NULL,0
4225,73,215455122,3/15/2017,NULL,0
4226,73,221253883,3/15/2017,3/15/2017,3.217
4227,73,220012637,3/15/2017,3/15/2017,1.633
4220,73,227688280,3/15/2017,NULL,0
4221,73,220879779,3/15/2017,3/15/2017,2.733
4222,73,222656407,3/15/2017,3/15/2017,1.833
4223,73,220801286,3/15/2017,NULL,0
4592,73,219441607,3/17/2017,NULL,0
4389,73,223124025,3/16/2017,NULL,0
4388,73,220879779,3/16/2017,NULL,0
4593,73,217531037,3/17/2017,NULL,0
4383,73,221373053,3/16/2017,NULL,0
4382,73,222552374,3/16/2017,NULL,0
4381,73,219714201,3/16/2017,NULL,0
4380,73,215455122,3/16/2017,NULL,0
4387,73,216403600,3/16/2017,NULL,0
4386,73,211989876,3/16/2017,NULL,0
4385,73,220012579,3/16/2017,NULL,0
4384,73,221373046,3/16/2017,NULL,0
4268,73,234681138,NULL,3/15/2017,0
4591,73,223269705,3/17/2017,NULL,0
4180,73,218601979,NULL,3/13/2017,0
6240,73,218688414,4/3/2017,4/6/2017,78.417
6241,73,212804280,4/3/2017,NULL,0
4597,73,242036549,3/17/2017,NULL,0
5380,73,223302100,NULL,3/23/2017,0
5381,73,218512499,NULL,3/23/2017,0
5382,73,219759081,NULL,3/23/2017,0
5383,73,216453423,NULL,3/23/2017,0
5384,73,220117584,NULL,3/23/2017,0
4594,73,237002233,3/17/2017,NULL,0
5386,73,216487819,NULL,3/23/2017,0
5387,73,239651193,NULL,3/23/2017,0
5388,73,220301287,NULL,3/23/2017,0
5389,73,220499545,NULL,3/23/2017,0
4595,73,222552374,3/17/2017,NULL,0
4581,73,218923126,3/17/2017,NULL,0
4186,73,222274300,NULL,3/13/2017,0
4598,73,216564161,3/17/2017,NULL,0
4138,73,216328336,NULL,3/13/2017,0
4139,73,217865765,NULL,3/13/2017,0
4599,73,209097179,3/17/2017,NULL,0
4130,73,219759081,NULL,3/13/2017,0
7314,73,217008168,4/11/2017,NULL,0
4132,73,216901348,NULL,3/13/2017,0
4133,73,236741534,NULL,3/13/2017,0
7311,73,221038375,4/11/2017,NULL,0
7310,73,217060938,4/11/2017,NULL,0
7313,73,215238999,4/11/2017,NULL,0
7312,73,220301287,4/11/2017,NULL,0
4310,73,221373053,NULL,3/15/2017,0
4349,73,216766758,NULL,3/15/2017,0
4311,73,220879977,NULL,3/15/2017,0
4583,73,218512499,3/17/2017,NULL,0
4348,73,214313231,NULL,3/15/2017,0
6974,73,206591950,NULL,4/6/2017,0
7030,73,216116616,NULL,4/6/2017,0
7031,73,220126635,NULL,4/6/2017,0
7032,73,222467359,NULL,4/6/2017,0
6975,73,216440479,NULL,4/6/2017,0
7034,73,234681138,NULL,4/6/2017,0
7035,73,215453226,NULL,4/6/2017,0
7036,73,239651193,NULL,4/6/2017,0
7037,73,223339714,NULL,4/6/2017,0
7038,73,222656407,NULL,4/6/2017,0
6972,73,216144675,NULL,4/6/2017,0
4345,73,219293461,NULL,3/15/2017,0
6973,73,219293461,NULL,4/6/2017,0
4344,73,215890245,NULL,3/15/2017,0
6970,73,225161025,NULL,4/6/2017,0
4582,73,217327329,3/17/2017,3/23/2017,151.05
6971,73,216273300,NULL,4/6/2017,0
7064,73,220982136,NULL,4/6/2017,0
4318,73,207052606,NULL,3/15/2017,0
7006,73,221855265,NULL,4/6/2017,0
4319,73,218512499,NULL,3/15/2017,0
7498,73,216564161,4/12/2017,NULL,0
7499,73,223276627,4/12/2017,NULL,0
6978,73,220435614,NULL,4/6/2017,0
6979,73,220306765,NULL,4/6/2017,0
5407,73,215453226,NULL,3/23/2017,0
5406,73,236052197,NULL,3/23/2017,0
5405,73,234147247,NULL,3/23/2017,0
5404,73,236959094,NULL,3/23/2017,0
5403,73,216215483,NULL,3/23/2017,0
4943,73,220879779,3/22/2017,NULL,0
5401,73,221381601,NULL,3/23/2017,0
5400,73,219567153,NULL,3/23/2017,0
4829,73,236958724,3/21/2017,3/23/2017,54.933
5409,73,218924942,NULL,3/23/2017,0
5408,73,220202287,NULL,3/23/2017,0
7492,73,217197847,4/12/2017,NULL,0
7493,73,219714201,4/12/2017,NULL,0
7490,73,216487819,4/12/2017,NULL,0
4189,73,222892978,NULL,3/13/2017,0
4188,73,221013717,NULL,3/13/2017,0
4262,73,218012326,NULL,3/15/2017,0
7491,73,227189917,4/12/2017,NULL,0
4264,73,223357377,NULL,3/15/2017,0
4265,73,223554148,NULL,3/15/2017,0
4266,73,222552374,NULL,3/15/2017,0
4267,73,220377972,NULL,3/15/2017,0
4181,73,216766659,NULL,3/13/2017,0
4822,73,218512499,3/21/2017,NULL,0
4183,73,215675604,NULL,3/13/2017,0
4182,73,237002209,NULL,3/13/2017,0
4185,73,215238999,NULL,3/13/2017,0
4184,73,220814677,NULL,3/13/2017,0
4187,73,222642464,NULL,3/13/2017,0
4823,73,218621787,3/21/2017,NULL,0
5663,73,213403314,3/27/2017,NULL,0
5662,73,222521007,3/27/2017,NULL,0
5661,73,222028235,3/27/2017,NULL,0
5660,73,220389456,3/27/2017,NULL,0
5667,73,237002209,3/27/2017,NULL,0
5666,73,217865765,3/27/2017,NULL,0
5665,73,220012637,3/27/2017,NULL,0
5664,73,212804280,3/27/2017,NULL,0
4347,73,214788507,NULL,3/15/2017,0
4346,73,216453423,NULL,3/15/2017,0
5669,73,220879779,3/27/2017,NULL,0
5668,73,218621787,3/27/2017,NULL,0
4343,73,214492027,NULL,3/15/2017,0
4342,73,218607315,NULL,3/15/2017,0
4341,73,208659789,NULL,3/15/2017,0
4340,73,219581998,NULL,3/15/2017,0
4945,73,220314793,3/22/2017,NULL,0
4944,73,224358028,3/22/2017,3/23/2017,30.617
4947,73,218509479,3/22/2017,3/23/2017,30.85
4946,73,220395701,3/22/2017,NULL,0
4941,73,220814677,3/22/2017,NULL,0
4940,73,215238999,3/22/2017,3/23/2017,31.183
4828,73,222028235,3/21/2017,NULL,0
4942,73,221855265,3/22/2017,NULL,0
4826,73,216402826,3/21/2017,NULL,0
4827,73,220214738,3/21/2017,NULL,0
4824,73,221013758,3/21/2017,NULL,0
4825,73,216144675,3/21/2017,3/23/2017,54.95
4949,73,213026750,3/22/2017,NULL,0
4948,73,220346779,3/22/2017,NULL,0
4820,73,237002233,3/21/2017,NULL,0
4821,73,220328215,3/21/2017,NULL,0
6987,73,220703003,NULL,4/6/2017,0
4320,73,214926875,NULL,3/15/2017,0
6985,73,226857217,NULL,4/6/2017,0
6984,73,220126635,NULL,4/6/2017,0
5437,73,218512499,3/24/2017,NULL,0
6983,73,221373053,NULL,4/6/2017,0
6982,73,219935822,NULL,4/6/2017,0
5108,73,217865765,3/23/2017,3/23/2017,7.167
5109,73,221373053,3/23/2017,3/23/2017,7.083
6981,73,219759081,NULL,4/6/2017,0
5102,73,236959060,3/23/2017,NULL,0
5103,73,216538280,3/23/2017,3/23/2017,7.1
5100,73,222028235,3/23/2017,3/23/2017,7.05
5101,73,221142714,3/23/2017,3/23/2017,7.083
5106,73,218512499,3/23/2017,3/23/2017,6.95
5107,73,216273300,3/23/2017,3/23/2017,6.833
5104,73,220102644,3/23/2017,3/23/2017,7.367
5105,73,223124025,3/23/2017,NULL,0
6996,73,218924942,NULL,4/6/2017,0
6217,73,226730190,4/3/2017,NULL,0
6219,73,222028235,4/3/2017,4/6/2017,79.317
6218,73,218621787,4/3/2017,NULL,0
7496,73,205438062,4/12/2017,NULL,0
4590,73,219714201,3/17/2017,NULL,0
4167,73,220149744,NULL,3/13/2017,0
4166,73,213403314,NULL,3/13/2017,0
4165,73,219592011,NULL,3/13/2017,0
4164,73,221273410,NULL,3/13/2017,0
4163,73,220214738,NULL,3/13/2017,0
7497,73,221229073,4/12/2017,NULL,0
4161,73,216046821,NULL,3/13/2017,0
4160,73,215453226,NULL,3/13/2017,0
6994,73,222467359,NULL,4/6/2017,0
4169,73,220368674,NULL,3/13/2017,0
4168,73,235383247,NULL,3/13/2017,0
7494,73,220879779,4/12/2017,NULL,0
6995,73,224458307,NULL,4/6/2017,0
4596,73,219293461,3/17/2017,NULL,0
4280,73,240438788,NULL,3/15/2017,0
4281,73,226879203,NULL,3/15/2017,0
4287,73,217865765,NULL,3/15/2017,0
5362,73,206591950,NULL,3/23/2017,0
7495,73,218512499,4/12/2017,NULL,0
5360,73,216759860,NULL,3/23/2017,0
5361,73,220372304,NULL,3/23/2017,0
5366,73,217197920,NULL,3/23/2017,0
5367,73,217197938,NULL,3/23/2017,0
5364,73,218065035,NULL,3/23/2017,0
5365,73,217197938,NULL,3/23/2017,0
5443,73,217008168,3/24/2017,NULL,0
5442,73,217197698,3/24/2017,NULL,0
5441,73,226857217,3/24/2017,NULL,0
5440,73,222028235,3/24/2017,NULL,0
7063,73,220982136,NULL,4/6/2017,0
7062,73,209245166,NULL,4/6/2017,0
5445,73,219935822,3/24/2017,NULL,0
5444,73,223124025,3/24/2017,NULL,0
4288,73,222581233,NULL,3/15/2017,0
4303,73,201706009,NULL,3/15/2017,0
4302,73,223371634,NULL,3/15/2017,0
4301,73,220135701,NULL,3/15/2017,0
4289,73,233561125,NULL,3/15/2017,0
4307,73,223233677,NULL,3/15/2017,0
4306,73,222594566,NULL,3/15/2017,0
4305,73,220377972,NULL,3/15/2017,0
4304,73,220472872,NULL,3/15/2017,0
6969,73,218634418,NULL,4/6/2017,0
6968,73,216901678,NULL,4/6/2017,0
4201,73,212713291,NULL,3/13/2017,0
4308,73,218468627,NULL,3/15/2017,0
4570,73,221536113,3/17/2017,3/23/2017,150.983
4571,73,236959060,3/17/2017,NULL,0
4572,73,215559154,3/17/2017,NULL,0
4573,73,216328336,3/17/2017,NULL,0
4574,73,220879779,3/17/2017,NULL,0
4575,73,216102640,3/17/2017,NULL,0
4576,73,220214738,3/17/2017,NULL,0
4577,73,220274336,3/17/2017,3/23/2017,151.033
4578,73,223198193,3/17/2017,NULL,0
4579,73,220257570,3/17/2017,3/23/2017,151.333
4212,73,223131418,NULL,3/13/2017,0
4239,73,222822959,NULL,3/15/2017,0
4238,73,217531037,NULL,3/15/2017,0
4237,73,220378293,3/15/2017,3/15/2017,1.733
4236,73,214242224,3/15/2017,NULL,0
4235,73,221855265,3/15/2017,3/15/2017,1.983
4234,73,221373046,3/15/2017,3/15/2017,2.567
4233,73,221373053,3/15/2017,3/15/2017,2.567
4232,73,215987223,3/15/2017,NULL,0
4231,73,213403314,3/15/2017,3/15/2017,2.15
4230,73,214842387,3/15/2017,3/15/2017,2.883
5425,73,222892978,NULL,3/23/2017,0
5424,73,209076322,NULL,3/23/2017,0
5393,73,220162432,NULL,3/23/2017,0
5392,73,221125842,NULL,3/23/2017,0
5391,73,226728848,NULL,3/23/2017,0
5390,73,217102995,NULL,3/23/2017,0
5397,73,237002217,NULL,3/23/2017,0
5396,73,221218332,NULL,3/23/2017,0
5395,73,226879203,NULL,3/23/2017,0
5394,73,216885871,NULL,3/23/2017,0
5399,73,216563965,NULL,3/23/2017,0
5398,73,221373079,NULL,3/23/2017,0
4282,73,234147247,NULL,3/15/2017,0
4283,73,236052197,NULL,3/15/2017,0
4129,73,220117584,NULL,3/13/2017,0
4128,73,216490482,NULL,3/13/2017,0
4286,73,220288385,NULL,3/15/2017,0
4213,73,226723435,NULL,3/13/2017,0
4284,73,220257570,NULL,3/15/2017,0
4285,73,220162838,NULL,3/15/2017,0
4123,73,215732025,NULL,3/13/2017,0
4122,73,215770017,NULL,3/13/2017,0
4121,73,217315563,NULL,3/13/2017,0
4120,73,236969077,NULL,3/13/2017,0
4127,73,215732025,NULL,3/13/2017,0
4126,73,215016338,NULL,3/13/2017,0
4125,73,226728848,NULL,3/13/2017,0
4124,73,216102640,NULL,3/13/2017,0
4248,73,222537730,NULL,3/15/2017,0
4192,73,209245166,NULL,3/13/2017,0
4193,73,216863860,NULL,3/13/2017,0
7023,73,217197938,NULL,4/6/2017,0
7022,73,217197938,NULL,4/6/2017,0
7021,73,217197920,NULL,4/6/2017,0
7020,73,217327329,NULL,4/6/2017,0
4249,73,218509479,NULL,3/15/2017,0
7026,73,226879203,NULL,4/6/2017,0
7025,73,217197920,NULL,4/6/2017,0
7024,73,215238999,NULL,4/6/2017,0
7029,73,221218332,NULL,4/6/2017,0
7028,73,216356352,NULL,4/6/2017,0
7052,73,216486993,NULL,4/6/2017,0
7053,73,215009176,NULL,4/6/2017,0
7027,73,226728848,NULL,4/6/2017,0
7050,73,217060938,NULL,4/6/2017,0
7051,73,216766659,NULL,4/6/2017,0
7056,73,242036549,NULL,4/6/2017,0
7057,73,215675604,NULL,4/6/2017,0
7054,73,232981423,NULL,4/6/2017,0
4355,73,217060938,NULL,3/15/2017,0
4361,73,222657470,3/15/2017,NULL,0
7055,73,222274300,NULL,4/6/2017,0
7096,73,220012637,4/7/2017,NULL,0
5433,73,217865765,3/24/2017,NULL,0
5430,73,220149744,3/24/2017,NULL,0
7095,73,217197698,4/7/2017,NULL,0
5436,73,237164439,3/24/2017,NULL,0
7093,73,215883398,4/7/2017,NULL,0
7090,73,220389456,4/7/2017,NULL,0
7091,73,221373046,4/7/2017,NULL,0
5438,73,212804280,3/24/2017,NULL,0
5439,73,221855265,3/24/2017,NULL,0
7098,73,220314793,4/7/2017,NULL,0
5369,73,217315563,NULL,3/23/2017,0
4353,73,215170036,NULL,3/15/2017,0
4244,73,221038375,NULL,3/15/2017,0
7290,73,219936788,4/11/2017,NULL,0
7291,73,222822959,4/11/2017,NULL,0
7292,73,222028235,4/11/2017,NULL,0
7293,73,205438062,4/11/2017,NULL,0
7294,73,220135701,4/11/2017,NULL,0
7295,73,222656407,4/11/2017,NULL,0
7296,73,216487447,4/11/2017,NULL,0
7297,73,221013717,4/11/2017,NULL,0
7298,73,215883398,4/11/2017,NULL,0
7299,73,219714201,4/11/2017,NULL,0
4279,73,221013758,NULL,3/15/2017,0
4278,73,242942639,NULL,3/15/2017,0
4245,73,218601979,NULL,3/15/2017,0
4243,73,226730190,NULL,3/15/2017,0
7485,73,217197698,4/12/2017,NULL,0
7484,73,232702704,4/12/2017,NULL,0
4378,73,216564161,3/16/2017,NULL,0
4379,73,220389456,3/16/2017,NULL,0
7481,73,237002209,4/12/2017,NULL,0
7480,73,224358028,4/12/2017,NULL,0
5658,73,224458307,3/27/2017,NULL,0
7482,73,221013717,4/12/2017,NULL,0
5656,73,214788507,3/27/2017,NULL,0
5657,73,221142714,3/27/2017,NULL,0
5654,73,216538280,3/27/2017,NULL,0
5655,73,221373053,3/27/2017,NULL,0
5652,73,226730190,3/27/2017,NULL,0
5653,73,221373046,3/27/2017,NULL,0
4374,73,214242224,3/16/2017,NULL,0
4375,73,215675604,3/16/2017,NULL,0
4930,73,219293461,3/22/2017,NULL,0
4931,73,221142714,3/22/2017,NULL,0
4932,73,226672145,3/22/2017,3/23/2017,30.95
4933,73,219592011,3/22/2017,NULL,0
4934,73,216273300,3/22/2017,NULL,0
4935,73,218621787,3/22/2017,NULL,0
4936,73,216538280,3/22/2017,NULL,0
4937,73,210187886,3/22/2017,NULL,0
4831,73,214569832,3/21/2017,NULL,0
4830,73,213686009,3/21/2017,NULL,0
4833,73,222247652,3/21/2017,NULL,0
4832,73,236959060,3/21/2017,NULL,0
4835,73,220395701,3/21/2017,NULL,0
4834,73,220012637,3/21/2017,NULL,0
4837,73,220879977,3/21/2017,NULL,0
4836,73,216901348,3/21/2017,3/23/2017,54.667
7072,73,232702704,NULL,4/6/2017,0
5115,73,220814677,3/23/2017,NULL,0
5114,73,219293461,3/23/2017,3/23/2017,6.983
5117,73,205438062,3/23/2017,3/23/2017,6.7
5116,73,222656407,3/23/2017,NULL,0
5111,73,215732025,3/23/2017,3/23/2017,6.9
5110,73,220314793,3/23/2017,3/23/2017,7.067
5113,73,212713291,3/23/2017,3/23/2017,7.283
5112,73,220026173,3/23/2017,3/23/2017,7.15
5119,73,232702704,3/23/2017,3/23/2017,6.767
5118,73,220149744,3/23/2017,3/23/2017,6.9
7073,73,215770017,NULL,4/6/2017,0
5385,73,216360487,NULL,3/23/2017,0
4369,73,232981423,NULL,3/15/2017,0
6222,73,221038375,4/3/2017,NULL,0
6223,73,220202287,4/3/2017,NULL,0
6220,73,238069728,4/3/2017,4/6/2017,79.133
6221,73,220389456,4/3/2017,NULL,0
6226,73,216487223,4/3/2017,4/6/2017,79.2
6227,73,227189917,4/3/2017,NULL,0
6224,73,215219718,4/3/2017,4/6/2017,79.067
6225,73,221536113,4/3/2017,NULL,0
4844,73,217008168,3/21/2017,3/23/2017,54.083
4845,73,219935822,3/21/2017,3/23/2017,54.033
6228,73,213686009,4/3/2017,NULL,0
6229,73,215455122,4/3/2017,4/6/2017,78.983
4840,73,222822959,3/21/2017,NULL,0
4841,73,220012579,3/21/2017,NULL,0
4842,73,213026750,3/21/2017,NULL,0
4843,73,216487223,3/21/2017,NULL,0
6997,73,216631093,NULL,4/6/2017,0
6990,73,234147247,NULL,4/6/2017,0
6991,73,237002217,NULL,4/6/2017,0
6992,73,220026173,NULL,4/6/2017,0
6967,73,215970310,NULL,4/6/2017,0
6993,73,223323957,NULL,4/6/2017,0
4162,73,220274336,NULL,3/13/2017,0
4152,73,236959060,NULL,3/13/2017,0
4153,73,213686009,NULL,3/13/2017,0
4150,73,220301287,NULL,3/13/2017,0
4151,73,236958724,NULL,3/13/2017,0
4156,73,238069728,NULL,3/13/2017,0
4157,73,226672145,NULL,3/13/2017,0
4154,73,221381601,NULL,3/13/2017,0
4155,73,220288385,NULL,3/13/2017,0
4158,73,221214497,NULL,3/13/2017,0
4159,73,220346779,NULL,3/13/2017,0
7504,73,232647347,4/12/2017,NULL,0
7505,73,219935822,4/12/2017,NULL,0
7500,73,215883398,4/12/2017,NULL,0
7501,73,217060938,4/12/2017,NULL,0
7502,73,220389456,4/12/2017,NULL,0
7503,73,221181480,4/12/2017,NULL,0
6966,73,218512499,NULL,4/6/2017,0
7487,73,221218332,4/12/2017,NULL,0
7058,73,223269705,NULL,4/6/2017,0
7059,73,215170036,NULL,4/6/2017,0
5379,73,218512499,NULL,3/23/2017,0
5378,73,219590833,NULL,3/23/2017,0
5375,73,218512499,NULL,3/23/2017,0
5374,73,218512499,NULL,3/23/2017,0
5377,73,217182989,NULL,3/23/2017,0
5376,73,215016338,NULL,3/23/2017,0
5371,73,218512499,NULL,3/23/2017,0
5370,73,215770017,NULL,3/23/2017,0
5373,73,218512499,NULL,3/23/2017,0
5372,73,218512499,NULL,3/23/2017,0
6998,73,220372304,NULL,4/6/2017,0
6999,73,224358028,NULL,4/6/2017,0
4338,73,223156639,NULL,3/15/2017,0
4339,73,216360487,NULL,3/15/2017,0
4336,73,216403600,NULL,3/15/2017,0
4337,73,214591653,NULL,3/15/2017,0
4334,73,218609774,NULL,3/15/2017,0
4335,73,221461676,NULL,3/15/2017,0
4332,73,220181978,NULL,3/15/2017,0
4333,73,215559154,NULL,3/15/2017,0
4330,73,216487223,NULL,3/15/2017,0
4331,73,223164799,NULL,3/15/2017,0
4567,73,220814677,3/17/2017,NULL,0
4566,73,216453183,3/17/2017,NULL,0
4569,73,222028235,3/17/2017,NULL,0
4568,73,222588857,3/17/2017,NULL,0
7060,73,214926875,NULL,4/6/2017,0
4273,73,220328215,NULL,3/15/2017,0
4131,73,223302100,NULL,3/13/2017,0
4134,73,220328215,NULL,3/13/2017,0
4272,73,223275090,NULL,3/15/2017,0
4135,73,216563965,NULL,3/13/2017,0
4208,73,218923126,NULL,3/13/2017,0
4209,73,218661437,NULL,3/13/2017,0
4136,73,219567153,NULL,3/13/2017,0
4108,73,216360487,NULL,3/13/2017,0
4202,73,226529576,NULL,3/13/2017,0
4203,73,242942639,NULL,3/13/2017,0
4200,73,221104367,NULL,3/13/2017,0
4137,73,220872287,NULL,3/13/2017,0
4206,73,220879779,NULL,3/13/2017,0
4207,73,220472872,NULL,3/13/2017,0
4204,73,218595841,NULL,3/13/2017,0
4205,73,215453226,NULL,3/13/2017,0
4271,73,223206558,NULL,3/15/2017,0
5432,73,220202287,3/24/2017,NULL,0
7097,73,219935822,4/7/2017,NULL,0
7094,73,218512499,4/7/2017,NULL,0
4371,73,232981423,NULL,3/15/2017,0
4116,73,217197938,NULL,3/13/2017,0
4117,73,232702704,NULL,3/13/2017,0
4114,73,219293461,NULL,3/13/2017,0
5431,73,216538280,3/24/2017,NULL,0
4112,73,216144675,NULL,3/13/2017,0
4113,73,217182989,NULL,3/13/2017,0
4110,73,216144675,NULL,3/13/2017,0
4111,73,223198193,NULL,3/13/2017,0
5124,73,218545978,3/23/2017,3/23/2017,6.7
5125,73,213026750,3/23/2017,3/23/2017,6.583
5126,73,220012637,3/23/2017,3/23/2017,6.65
5127,73,226730190,3/23/2017,NULL,0
5120,73,221855265,3/23/2017,3/23/2017,6.967
5121,73,227688280,3/23/2017,NULL,0
5122,73,219592011,3/23/2017,3/23/2017,6.85
5123,73,217197698,3/23/2017,3/23/2017,6.95
4299,73,217008168,NULL,3/15/2017,0
5434,73,227189917,3/24/2017,NULL,0
4277,73,216863860,NULL,3/15/2017,0
4294,73,221855265,NULL,3/15/2017,0
4297,73,220126635,NULL,3/15/2017,0
5435,73,232702704,3/24/2017,NULL,0
4291,73,220962914,NULL,3/15/2017,0
4290,73,221142714,NULL,3/15/2017,0
4293,73,221125842,NULL,3/15/2017,0
4292,73,216046821,NULL,3/15/2017,0
4276,73,218468627,NULL,3/15/2017,0
7018,73,216242248,NULL,4/6/2017,0
7019,73,218923126,NULL,4/6/2017,0
7016,73,218116036,NULL,4/6/2017,0
7017,73,216046821,NULL,4/6/2017,0
7014,73,220181978,NULL,4/6/2017,0
7015,73,223241829,NULL,4/6/2017,0
7012,73,220102644,NULL,4/6/2017,0
7013,73,217102995,NULL,4/6/2017,0
7010,73,216538280,NULL,4/6/2017,0
7011,73,214842387,NULL,4/6/2017,0
4275,73,232531681,NULL,3/15/2017,0
7489,73,227688280,4/12/2017,NULL,0
4274,73,226749372,NULL,3/15/2017,0
5363,73,236969077,NULL,3/23/2017,0
4608,73,214242224,3/17/2017,NULL,0
4609,73,216490482,3/17/2017,3/23/2017,150.283
4606,73,216061812,3/17/2017,NULL,0
4607,73,227688280,3/17/2017,NULL,0
4604,73,220306765,3/17/2017,NULL,0
4605,73,215238999,3/17/2017,NULL,0
4602,73,223124025,3/17/2017,NULL,0
4603,73,215219718,3/17/2017,3/23/2017,151.117
4600,73,220377972,3/17/2017,NULL,0
4601,73,232702704,3/17/2017,NULL,0
7081,73,216631093,4/7/2017,NULL,0
7080,73,207052606,4/7/2017,NULL,0
7083,73,216487819,4/7/2017,NULL,0
7082,73,224458307,4/7/2017,NULL,0
7085,73,215238999,4/7/2017,NULL,0
7084,73,209097179,4/7/2017,NULL,0
7087,73,232702704,4/7/2017,NULL,0
7086,73,220012579,4/7/2017,NULL,0
7089,73,218688414,4/7/2017,NULL,0
7088,73,220814677,4/7/2017,NULL,0
5427,73,231764408,NULL,3/23/2017,0
5426,73,213145568,NULL,3/23/2017,0
5421,73,217198100,NULL,3/23/2017,0
5420,73,216486993,NULL,3/23/2017,0
5423,73,221251531,NULL,3/23/2017,0
5422,73,223206558,NULL,3/23/2017,0
7067,73,212915938,NULL,4/6/2017,0
7033,73,215883398,NULL,4/6/2017,0
7066,73,215016338,NULL,4/6/2017,0
5368,73,236966107,NULL,3/23/2017,0
4365,73,212915938,3/15/2017,NULL,0
4364,73,215675604,3/15/2017,NULL,0
4367,73,217182989,3/15/2017,NULL,0
4366,73,223241829,3/15/2017,NULL,0
7287,73,218512499,4/11/2017,NULL,0
4360,73,275281558,3/15/2017,NULL,0
4363,73,214313231,3/15/2017,NULL,0
4362,73,218116036,3/15/2017,NULL,0
4246,73,218556140,NULL,3/15/2017,0
4247,73,219441607,NULL,3/15/2017,0
7289,73,216215483,4/11/2017,NULL,0
7288,73,216564161,4/11/2017,NULL,0
4242,73,222467359,NULL,3/15/2017,0
4368,73,216564161,3/15/2017,NULL,0
4240,73,221181480,NULL,3/15/2017,0
4241,73,220962930,NULL,3/15/2017,0
5649,73,215219718,3/27/2017,NULL,0
5648,73,227189917,3/27/2017,NULL,0
4270,73,222537607,NULL,3/15/2017,0
6976,73,220346779,NULL,4/6/2017,0
7061,73,215738816,NULL,4/6/2017,0
7039,73,219995776,NULL,4/6/2017,0
5641,73,216061812,3/27/2017,NULL,0
5640,73,236741534,3/27/2017,NULL,0
5643,73,218512499,3/27/2017,NULL,0
5642,73,220328215,3/27/2017,NULL,0
5645,73,216863860,3/27/2017,NULL,0
5644,73,220872287,3/27/2017,NULL,0
5647,73,219935822,3/27/2017,NULL,0
5646,73,221229073,3/27/2017,NULL,0
4923,73,221013758,3/22/2017,3/23/2017,30.967
4922,73,227189917,3/22/2017,3/23/2017,31.383
4921,73,242036549,3/22/2017,NULL,0
4920,73,222594566,3/22/2017,NULL,0
4927,73,220328215,3/22/2017,3/23/2017,31.033
4926,73,220149744,3/22/2017,NULL,0
4925,73,222656407,3/22/2017,NULL,0
4924,73,216102640,3/22/2017,3/23/2017,30.933
4929,73,222028235,3/22/2017,NULL,0
4928,73,220012637,3/22/2017,NULL,0
6977,73,218545978,NULL,4/6/2017,0
4589,73,217865765,3/17/2017,NULL,0
4588,73,216901678,3/17/2017,NULL,0
4093,73,222537680,NULL,3/13/2017,0
4097,73,220703003,NULL,3/13/2017,0
4096,73,218971257,NULL,3/13/2017,0
4095,73,220135701,NULL,3/13/2017,0
4094,73,220914758,NULL,3/13/2017,0
4099,73,221229073,NULL,3/13/2017,0
4098,73,217327329,NULL,3/13/2017,0
4585,73,218971257,3/17/2017,NULL,0
4584,73,217060938,3/17/2017,NULL,0
4587,73,219499043,3/17/2017,NULL,0
4586,73,220328215,3/17/2017,NULL,0
5639,73,222537680,3/27/2017,NULL,0
4390,73,220117584,3/16/2017,NULL,0
4391,73,220117584,3/16/2017,NULL,0
4392,73,220370043,3/16/2017,NULL,0
4393,73,221461676,3/16/2017,NULL,0
4394,73,214481558,3/16/2017,NULL,0
4395,73,212804280,3/16/2017,NULL,0
4580,73,220181978,3/17/2017,NULL,0
7486,73,216487447,4/12/2017,NULL,0
6239,73,220012637,4/3/2017,4/6/2017,78.983
6238,73,221373046,4/3/2017,NULL,0
6235,73,220301287,4/3/2017,NULL,0
6234,73,205438062,4/3/2017,4/6/2017,78.833
6237,73,222700981,4/3/2017,NULL,0
6236,73,217197698,4/3/2017,4/6/2017,79.133
6231,73,220879779,4/3/2017,NULL,0
6230,73,220879977,4/3/2017,NULL,0
6233,73,209097179,4/3/2017,NULL,0
6232,73,214788507,4/3/2017,NULL,0
