1,218545978,4/12/2017,tardy,218545978|4/12/2017,FALSE
2,217102995,3/27/2017,tardy,217102995|3/27/2017,FALSE
3,218545978,3/16/2017,tardy,218545978|3/16/2017,FALSE
4,232702704,4/11/2017,tardy,232702704|4/11/2017,FALSE
5,215738816,4/11/2017,tardy,215738816|4/11/2017,FALSE
6,216901678,4/11/2017,tardy,216901678|4/11/2017,FALSE
7,215455122,4/11/2017,tardy,215455122|4/11/2017,FALSE
8,220389456,4/11/2017,tardy,220389456|4/11/2017,FALSE
9,214888349,4/11/2017,tardy,214888349|4/11/2017,FALSE
10,221181480,4/11/2017,tardy,221181480|4/11/2017,FALSE
11,220012637,4/11/2017,tardy,220012637|4/11/2017,FALSE
12,226730190,3/16/2017,tardy,226730190|3/16/2017,FALSE
13,216046821,4/11/2017,tardy,216046821|4/11/2017,FALSE
14,212804280,4/11/2017,tardy,212804280|4/11/2017,FALSE
15,242036549,3/16/2017,tardy,242036549|3/16/2017,FALSE
16,220202287,3/27/2017,tardy,220202287|3/27/2017,FALSE
17,221013758,3/27/2017,tardy,221013758|3/27/2017,FALSE
18,226730190,3/21/2017,tardy,226730190|3/21/2017,FALSE
19,223198193,3/21/2017,tardy,223198193|3/21/2017,FALSE
20,218545978,3/22/2017,tardy,218545978|3/22/2017,FALSE
21,220012579,3/22/2017,tardy,220012579|3/22/2017,FALSE
22,218621787,3/24/2017,tardy,218621787|3/24/2017,FALSE
23,216901678,3/15/2017,tardy,216901678|3/15/2017,FALSE
24,211722079,3/15/2017,tardy,211722079|3/15/2017,FALSE
25,220703003,3/27/2017,tardy,220703003|3/27/2017,FALSE
26,222537730,3/15/2017,tardy,222537730|3/15/2017,True
27,201706009,3/15/2017,tardy,201706009|3/15/2017,True
28,220214647,3/21/2017,tardy,220214647|3/21/2017,FALSE
29,211722079,3/21/2017,tardy,211722079|3/21/2017,FALSE
30,220814677,3/21/2017,tardy,220814677|3/21/2017,FALSE
31,226857217,3/21/2017,tardy,226857217|3/21/2017,FALSE
32,237002209,3/21/2017,tardy,237002209|3/21/2017,FALSE
33,224358028,3/21/2017,tardy,224358028|3/21/2017,FALSE
34,242942639,3/21/2017,tardy,242942639|3/21/2017,FALSE
35,226777548,3/21/2017,tardy,226777548|3/21/2017,FALSE
36,207052606,3/22/2017,tardy,207052606|3/22/2017,FALSE
37,216487223,3/22/2017,tardy,216487223|3/22/2017,FALSE
38,227688280,3/22/2017,tardy,227688280|3/22/2017,FALSE
39,217197698,3/22/2017,tardy,217197698|3/22/2017,FALSE
40,214842387,3/7/2017,tardy,214842387|3/7/2017,FALSE
41,214481558,4/12/2017,tardy,214481558|4/12/2017,FALSE
42,215009176,3/10/2017,tardy,215009176|3/10/2017,FALSE
43,218545978,4/7/2017,tardy,218545978|4/7/2017,FALSE
44,223331547,3/7/2017,tardy,223331547|3/7/2017,FALSE
45,218696326,3/7/2017,tardy,218696326|3/7/2017,True
46,218696326,3/6/2017,tardy,218696326|3/6/2017,FALSE
47,218696326,3/1/2017,tardy,218696326|3/1/2017,FALSE
48,218696326,3/7/2017,tardy,218696326|3/7/2017,True
49,201706009,3/6/2017,tardy,201706009|3/6/2017,FALSE
50,218696326,2/27/2017,tardy,218696326|2/27/2017,FALSE
51,206213316,2/27/2017,tardy,206213316|2/27/2017,FALSE
52,201706009,2/27/2017,tardy,201706009|2/27/2017,FALSE
53,220389456,3/17/2017,tardy,220389456|3/17/2017,FALSE
54,236959441,3/17/2017,tardy,236959441|3/17/2017,FALSE
55,219935822,3/17/2017,tardy,219935822|3/17/2017,FALSE
56,221855265,3/17/2017,tardy,221855265|3/17/2017,FALSE
57,218545978,3/17/2017,tardy,218545978|3/17/2017,FALSE
58,220801286,3/17/2017,tardy,220801286|3/17/2017,FALSE
59,213026750,3/17/2017,tardy,213026750|3/17/2017,FALSE
60,216241711,4/7/2017,tardy,216241711|4/7/2017,FALSE
61,216328336,4/7/2017,tardy,216328336|4/7/2017,FALSE
62,218512499,3/22/2017,tardy,218512499|3/22/2017,FALSE
63,220389456,3/15/2017,tardy,220389456|3/15/2017,FALSE
64,217102995,3/15/2017,tardy,217102995|3/15/2017,FALSE
65,224458307,3/15/2017,tardy,224458307|3/15/2017,FALSE
66,215455122,3/15/2017,tardy,215455122|3/15/2017,FALSE
67,227688280,3/15/2017,tardy,227688280|3/15/2017,FALSE
68,220801286,3/15/2017,tardy,220801286|3/15/2017,FALSE
69,219441607,3/17/2017,tardy,219441607|3/17/2017,FALSE
70,223124025,3/16/2017,tardy,223124025|3/16/2017,FALSE
71,220879779,3/16/2017,tardy,220879779|3/16/2017,FALSE
72,217531037,3/17/2017,tardy,217531037|3/17/2017,FALSE
73,221373053,3/16/2017,tardy,221373053|3/16/2017,FALSE
74,222552374,3/16/2017,tardy,222552374|3/16/2017,FALSE
75,219714201,3/16/2017,tardy,219714201|3/16/2017,FALSE
76,215455122,3/16/2017,tardy,215455122|3/16/2017,FALSE
77,216403600,3/16/2017,tardy,216403600|3/16/2017,FALSE
78,211989876,3/16/2017,tardy,211989876|3/16/2017,FALSE
79,220012579,3/16/2017,tardy,220012579|3/16/2017,FALSE
80,221373046,3/16/2017,tardy,221373046|3/16/2017,FALSE
81,223269705,3/17/2017,tardy,223269705|3/17/2017,FALSE
82,218688414,4/3/2017,tardy,218688414|4/3/2017,FALSE
83,212804280,4/3/2017,tardy,212804280|4/3/2017,FALSE
84,242036549,3/17/2017,tardy,242036549|3/17/2017,FALSE
85,237002233,3/17/2017,tardy,237002233|3/17/2017,FALSE
86,222552374,3/17/2017,tardy,222552374|3/17/2017,FALSE
87,218923126,3/17/2017,tardy,218923126|3/17/2017,FALSE
88,216564161,3/17/2017,tardy,216564161|3/17/2017,FALSE
89,209097179,3/17/2017,tardy,209097179|3/17/2017,FALSE
90,217008168,4/11/2017,tardy,217008168|4/11/2017,FALSE
91,221038375,4/11/2017,tardy,221038375|4/11/2017,FALSE
92,217060938,4/11/2017,tardy,217060938|4/11/2017,FALSE
93,215238999,4/11/2017,tardy,215238999|4/11/2017,FALSE
94,220301287,4/11/2017,tardy,220301287|4/11/2017,FALSE
95,218512499,3/17/2017,tardy,218512499|3/17/2017,FALSE
96,217327329,3/17/2017,tardy,217327329|3/17/2017,FALSE
97,216564161,4/12/2017,tardy,216564161|4/12/2017,FALSE
98,223276627,4/12/2017,tardy,223276627|4/12/2017,FALSE
99,220879779,3/22/2017,tardy,220879779|3/22/2017,FALSE
100,236958724,3/21/2017,tardy,236958724|3/21/2017,FALSE
101,217197847,4/12/2017,tardy,217197847|4/12/2017,FALSE
102,219714201,4/12/2017,tardy,219714201|4/12/2017,FALSE
103,216487819,4/12/2017,tardy,216487819|4/12/2017,FALSE
104,227189917,4/12/2017,tardy,227189917|4/12/2017,FALSE
105,218512499,3/21/2017,tardy,218512499|3/21/2017,FALSE
106,218621787,3/21/2017,tardy,218621787|3/21/2017,FALSE
107,213403314,3/27/2017,tardy,213403314|3/27/2017,FALSE
108,222521007,3/27/2017,tardy,222521007|3/27/2017,FALSE
109,222028235,3/27/2017,tardy,222028235|3/27/2017,FALSE
110,220389456,3/27/2017,tardy,220389456|3/27/2017,FALSE
111,237002209,3/27/2017,tardy,237002209|3/27/2017,FALSE
112,217865765,3/27/2017,tardy,217865765|3/27/2017,FALSE
113,220012637,3/27/2017,tardy,220012637|3/27/2017,FALSE
114,212804280,3/27/2017,tardy,212804280|3/27/2017,FALSE
115,220879779,3/27/2017,tardy,220879779|3/27/2017,FALSE
116,218621787,3/27/2017,tardy,218621787|3/27/2017,FALSE
117,220314793,3/22/2017,tardy,220314793|3/22/2017,FALSE
118,224358028,3/22/2017,tardy,224358028|3/22/2017,FALSE
119,218509479,3/22/2017,tardy,218509479|3/22/2017,FALSE
120,220395701,3/22/2017,tardy,220395701|3/22/2017,FALSE
121,220814677,3/22/2017,tardy,220814677|3/22/2017,FALSE
122,215238999,3/22/2017,tardy,215238999|3/22/2017,FALSE
123,222028235,3/21/2017,tardy,222028235|3/21/2017,FALSE
124,221855265,3/22/2017,tardy,221855265|3/22/2017,FALSE
125,216402826,3/21/2017,tardy,216402826|3/21/2017,FALSE
126,220214738,3/21/2017,tardy,220214738|3/21/2017,FALSE
127,221013758,3/21/2017,tardy,221013758|3/21/2017,FALSE
128,216144675,3/21/2017,tardy,216144675|3/21/2017,FALSE
129,213026750,3/22/2017,tardy,213026750|3/22/2017,FALSE
130,220346779,3/22/2017,tardy,220346779|3/22/2017,FALSE
131,237002233,3/21/2017,tardy,237002233|3/21/2017,FALSE
132,220328215,3/21/2017,tardy,220328215|3/21/2017,FALSE
133,218512499,3/24/2017,tardy,218512499|3/24/2017,FALSE
134,236959060,3/23/2017,tardy,236959060|3/23/2017,FALSE
135,223124025,3/23/2017,tardy,223124025|3/23/2017,FALSE
136,226730190,4/3/2017,tardy,226730190|4/3/2017,FALSE
137,222028235,4/3/2017,tardy,222028235|4/3/2017,FALSE
138,218621787,4/3/2017,tardy,218621787|4/3/2017,FALSE
139,205438062,4/12/2017,tardy,205438062|4/12/2017,FALSE
140,219714201,3/17/2017,tardy,219714201|3/17/2017,FALSE
141,221229073,4/12/2017,tardy,221229073|4/12/2017,FALSE
142,220879779,4/12/2017,tardy,220879779|4/12/2017,FALSE
143,219293461,3/17/2017,tardy,219293461|3/17/2017,FALSE
144,218512499,4/12/2017,tardy,218512499|4/12/2017,FALSE
145,217008168,3/24/2017,tardy,217008168|3/24/2017,FALSE
146,217197698,3/24/2017,tardy,217197698|3/24/2017,FALSE
147,226857217,3/24/2017,tardy,226857217|3/24/2017,FALSE
148,222028235,3/24/2017,tardy,222028235|3/24/2017,FALSE
149,219935822,3/24/2017,tardy,219935822|3/24/2017,FALSE
150,223124025,3/24/2017,tardy,223124025|3/24/2017,FALSE
151,221536113,3/17/2017,tardy,221536113|3/17/2017,FALSE
152,236959060,3/17/2017,tardy,236959060|3/17/2017,FALSE
153,215559154,3/17/2017,tardy,215559154|3/17/2017,FALSE
154,216328336,3/17/2017,tardy,216328336|3/17/2017,FALSE
155,220879779,3/17/2017,tardy,220879779|3/17/2017,FALSE
156,216102640,3/17/2017,tardy,216102640|3/17/2017,FALSE
157,220214738,3/17/2017,tardy,220214738|3/17/2017,FALSE
158,220274336,3/17/2017,tardy,220274336|3/17/2017,FALSE
159,223198193,3/17/2017,tardy,223198193|3/17/2017,FALSE
160,220257570,3/17/2017,tardy,220257570|3/17/2017,FALSE
161,214242224,3/15/2017,tardy,214242224|3/15/2017,FALSE
162,215987223,3/15/2017,tardy,215987223|3/15/2017,FALSE
163,222657470,3/15/2017,tardy,222657470|3/15/2017,FALSE
164,220012637,4/7/2017,tardy,220012637|4/7/2017,FALSE
165,217865765,3/24/2017,tardy,217865765|3/24/2017,FALSE
166,220149744,3/24/2017,tardy,220149744|3/24/2017,FALSE
167,217197698,4/7/2017,tardy,217197698|4/7/2017,FALSE
168,237164439,3/24/2017,tardy,237164439|3/24/2017,FALSE
169,215883398,4/7/2017,tardy,215883398|4/7/2017,FALSE
170,220389456,4/7/2017,tardy,220389456|4/7/2017,FALSE
171,221373046,4/7/2017,tardy,221373046|4/7/2017,FALSE
172,212804280,3/24/2017,tardy,212804280|3/24/2017,FALSE
173,221855265,3/24/2017,tardy,221855265|3/24/2017,FALSE
174,220314793,4/7/2017,tardy,220314793|4/7/2017,FALSE
175,219936788,4/11/2017,tardy,219936788|4/11/2017,FALSE
176,222822959,4/11/2017,tardy,222822959|4/11/2017,FALSE
177,222028235,4/11/2017,tardy,222028235|4/11/2017,FALSE
178,205438062,4/11/2017,tardy,205438062|4/11/2017,FALSE
179,220135701,4/11/2017,tardy,220135701|4/11/2017,FALSE
180,222656407,4/11/2017,tardy,222656407|4/11/2017,FALSE
181,216487447,4/11/2017,tardy,216487447|4/11/2017,FALSE
182,221013717,4/11/2017,tardy,221013717|4/11/2017,FALSE
183,215883398,4/11/2017,tardy,215883398|4/11/2017,FALSE
184,219714201,4/11/2017,tardy,219714201|4/11/2017,FALSE
185,217197698,4/12/2017,tardy,217197698|4/12/2017,FALSE
186,232702704,4/12/2017,tardy,232702704|4/12/2017,FALSE
187,216564161,3/16/2017,tardy,216564161|3/16/2017,FALSE
188,220389456,3/16/2017,tardy,220389456|3/16/2017,FALSE
189,237002209,4/12/2017,tardy,237002209|4/12/2017,FALSE
190,224358028,4/12/2017,tardy,224358028|4/12/2017,FALSE
191,224458307,3/27/2017,tardy,224458307|3/27/2017,FALSE
192,221013717,4/12/2017,tardy,221013717|4/12/2017,FALSE
193,214788507,3/27/2017,tardy,214788507|3/27/2017,FALSE
194,221142714,3/27/2017,tardy,221142714|3/27/2017,FALSE
195,216538280,3/27/2017,tardy,216538280|3/27/2017,FALSE
196,221373053,3/27/2017,tardy,221373053|3/27/2017,FALSE
197,226730190,3/27/2017,tardy,226730190|3/27/2017,FALSE
198,221373046,3/27/2017,tardy,221373046|3/27/2017,FALSE
199,214242224,3/16/2017,tardy,214242224|3/16/2017,FALSE
200,215675604,3/16/2017,tardy,215675604|3/16/2017,FALSE
201,219293461,3/22/2017,tardy,219293461|3/22/2017,FALSE
202,221142714,3/22/2017,tardy,221142714|3/22/2017,FALSE
203,226672145,3/22/2017,tardy,226672145|3/22/2017,FALSE
204,219592011,3/22/2017,tardy,219592011|3/22/2017,FALSE
205,216273300,3/22/2017,tardy,216273300|3/22/2017,FALSE
206,218621787,3/22/2017,tardy,218621787|3/22/2017,FALSE
207,216538280,3/22/2017,tardy,216538280|3/22/2017,FALSE
208,210187886,3/22/2017,tardy,210187886|3/22/2017,FALSE
209,214569832,3/21/2017,tardy,214569832|3/21/2017,FALSE
210,213686009,3/21/2017,tardy,213686009|3/21/2017,FALSE
211,222247652,3/21/2017,tardy,222247652|3/21/2017,FALSE
212,236959060,3/21/2017,tardy,236959060|3/21/2017,FALSE
213,220395701,3/21/2017,tardy,220395701|3/21/2017,FALSE
214,220012637,3/21/2017,tardy,220012637|3/21/2017,FALSE
215,220879977,3/21/2017,tardy,220879977|3/21/2017,FALSE
216,216901348,3/21/2017,tardy,216901348|3/21/2017,FALSE
217,220814677,3/23/2017,tardy,220814677|3/23/2017,FALSE
218,222656407,3/23/2017,tardy,222656407|3/23/2017,FALSE
219,221038375,4/3/2017,tardy,221038375|4/3/2017,FALSE
220,220202287,4/3/2017,tardy,220202287|4/3/2017,FALSE
221,238069728,4/3/2017,tardy,238069728|4/3/2017,FALSE
222,220389456,4/3/2017,tardy,220389456|4/3/2017,FALSE
223,216487223,4/3/2017,tardy,216487223|4/3/2017,FALSE
224,227189917,4/3/2017,tardy,227189917|4/3/2017,FALSE
225,215219718,4/3/2017,tardy,215219718|4/3/2017,FALSE
226,221536113,4/3/2017,tardy,221536113|4/3/2017,FALSE
227,217008168,3/21/2017,tardy,217008168|3/21/2017,FALSE
228,219935822,3/21/2017,tardy,219935822|3/21/2017,FALSE
229,213686009,4/3/2017,tardy,213686009|4/3/2017,FALSE
230,215455122,4/3/2017,tardy,215455122|4/3/2017,FALSE
231,222822959,3/21/2017,tardy,222822959|3/21/2017,FALSE
232,220012579,3/21/2017,tardy,220012579|3/21/2017,FALSE
233,213026750,3/21/2017,tardy,213026750|3/21/2017,FALSE
234,216487223,3/21/2017,tardy,216487223|3/21/2017,FALSE
235,232647347,4/12/2017,tardy,232647347|4/12/2017,FALSE
236,219935822,4/12/2017,tardy,219935822|4/12/2017,FALSE
237,215883398,4/12/2017,tardy,215883398|4/12/2017,FALSE
238,217060938,4/12/2017,tardy,217060938|4/12/2017,FALSE
239,220389456,4/12/2017,tardy,220389456|4/12/2017,FALSE
240,221181480,4/12/2017,tardy,221181480|4/12/2017,FALSE
241,221218332,4/12/2017,tardy,221218332|4/12/2017,FALSE
242,220814677,3/17/2017,tardy,220814677|3/17/2017,FALSE
243,216453183,3/17/2017,tardy,216453183|3/17/2017,FALSE
244,222028235,3/17/2017,tardy,222028235|3/17/2017,FALSE
245,222588857,3/17/2017,tardy,222588857|3/17/2017,FALSE
246,220202287,3/24/2017,tardy,220202287|3/24/2017,FALSE
247,219935822,4/7/2017,tardy,219935822|4/7/2017,FALSE
248,218512499,4/7/2017,tardy,218512499|4/7/2017,FALSE
249,216538280,3/24/2017,tardy,216538280|3/24/2017,FALSE
250,226730190,3/23/2017,tardy,226730190|3/23/2017,FALSE
251,227688280,3/23/2017,tardy,227688280|3/23/2017,FALSE
252,227189917,3/24/2017,tardy,227189917|3/24/2017,FALSE
253,232702704,3/24/2017,tardy,232702704|3/24/2017,FALSE
254,227688280,4/12/2017,tardy,227688280|4/12/2017,FALSE
255,214242224,3/17/2017,tardy,214242224|3/17/2017,FALSE
256,216490482,3/17/2017,tardy,216490482|3/17/2017,FALSE
257,216061812,3/17/2017,tardy,216061812|3/17/2017,FALSE
258,227688280,3/17/2017,tardy,227688280|3/17/2017,FALSE
259,220306765,3/17/2017,tardy,220306765|3/17/2017,FALSE
260,215238999,3/17/2017,tardy,215238999|3/17/2017,FALSE
261,223124025,3/17/2017,tardy,223124025|3/17/2017,FALSE
262,215219718,3/17/2017,tardy,215219718|3/17/2017,FALSE
263,220377972,3/17/2017,tardy,220377972|3/17/2017,FALSE
264,232702704,3/17/2017,tardy,232702704|3/17/2017,FALSE
265,216631093,4/7/2017,tardy,216631093|4/7/2017,FALSE
266,207052606,4/7/2017,tardy,207052606|4/7/2017,FALSE
267,216487819,4/7/2017,tardy,216487819|4/7/2017,FALSE
268,224458307,4/7/2017,tardy,224458307|4/7/2017,FALSE
269,215238999,4/7/2017,tardy,215238999|4/7/2017,FALSE
270,209097179,4/7/2017,tardy,209097179|4/7/2017,FALSE
271,232702704,4/7/2017,tardy,232702704|4/7/2017,FALSE
272,220012579,4/7/2017,tardy,220012579|4/7/2017,FALSE
273,218688414,4/7/2017,tardy,218688414|4/7/2017,FALSE
274,220814677,4/7/2017,tardy,220814677|4/7/2017,FALSE
275,212915938,3/15/2017,tardy,212915938|3/15/2017,FALSE
276,215675604,3/15/2017,tardy,215675604|3/15/2017,True
277,217182989,3/15/2017,tardy,217182989|3/15/2017,True
278,223241829,3/15/2017,tardy,223241829|3/15/2017,True
279,218512499,4/11/2017,tardy,218512499|4/11/2017,FALSE
280,275281558,3/15/2017,tardy,275281558|3/15/2017,FALSE
281,214313231,3/15/2017,tardy,214313231|3/15/2017,True
282,218116036,3/15/2017,tardy,218116036|3/15/2017,FALSE
283,216215483,4/11/2017,tardy,216215483|4/11/2017,FALSE
284,216564161,4/11/2017,tardy,216564161|4/11/2017,FALSE
285,216564161,3/15/2017,tardy,216564161|3/15/2017,True
286,215219718,3/27/2017,tardy,215219718|3/27/2017,FALSE
287,227189917,3/27/2017,tardy,227189917|3/27/2017,FALSE
288,216061812,3/27/2017,tardy,216061812|3/27/2017,FALSE
289,236741534,3/27/2017,tardy,236741534|3/27/2017,FALSE
290,218512499,3/27/2017,tardy,218512499|3/27/2017,FALSE
291,220328215,3/27/2017,tardy,220328215|3/27/2017,FALSE
292,216863860,3/27/2017,tardy,216863860|3/27/2017,FALSE
293,220872287,3/27/2017,tardy,220872287|3/27/2017,FALSE
294,219935822,3/27/2017,tardy,219935822|3/27/2017,FALSE
295,221229073,3/27/2017,tardy,221229073|3/27/2017,FALSE
296,221013758,3/22/2017,tardy,221013758|3/22/2017,FALSE
297,227189917,3/22/2017,tardy,227189917|3/22/2017,FALSE
298,242036549,3/22/2017,tardy,242036549|3/22/2017,FALSE
299,222594566,3/22/2017,tardy,222594566|3/22/2017,FALSE
300,220328215,3/22/2017,tardy,220328215|3/22/2017,FALSE
301,220149744,3/22/2017,tardy,220149744|3/22/2017,FALSE
302,222656407,3/22/2017,tardy,222656407|3/22/2017,FALSE
303,216102640,3/22/2017,tardy,216102640|3/22/2017,FALSE
304,222028235,3/22/2017,tardy,222028235|3/22/2017,FALSE
305,220012637,3/22/2017,tardy,220012637|3/22/2017,FALSE
306,217865765,3/17/2017,tardy,217865765|3/17/2017,FALSE
307,216901678,3/17/2017,tardy,216901678|3/17/2017,FALSE
308,218971257,3/17/2017,tardy,218971257|3/17/2017,FALSE
309,217060938,3/17/2017,tardy,217060938|3/17/2017,FALSE
310,219499043,3/17/2017,tardy,219499043|3/17/2017,FALSE
311,220328215,3/17/2017,tardy,220328215|3/17/2017,FALSE
312,222537680,3/27/2017,tardy,222537680|3/27/2017,FALSE
313,220117584,3/16/2017,tardy,220117584|3/16/2017,True
314,220117584,3/16/2017,tardy,220117584|3/16/2017,True
315,220370043,3/16/2017,tardy,220370043|3/16/2017,FALSE
316,221461676,3/16/2017,tardy,221461676|3/16/2017,FALSE
317,214481558,3/16/2017,tardy,214481558|3/16/2017,FALSE
318,212804280,3/16/2017,tardy,212804280|3/16/2017,FALSE
319,220181978,3/17/2017,tardy,220181978|3/17/2017,FALSE
320,216487447,4/12/2017,tardy,216487447|4/12/2017,FALSE
321,220012637,4/3/2017,tardy,220012637|4/3/2017,FALSE
322,221373046,4/3/2017,tardy,221373046|4/3/2017,FALSE
323,220301287,4/3/2017,tardy,220301287|4/3/2017,FALSE
324,205438062,4/3/2017,tardy,205438062|4/3/2017,FALSE
325,222700981,4/3/2017,tardy,222700981|4/3/2017,FALSE
326,217197698,4/3/2017,tardy,217197698|4/3/2017,FALSE
327,220879779,4/3/2017,tardy,220879779|4/3/2017,FALSE
328,220879977,4/3/2017,tardy,220879977|4/3/2017,FALSE
329,209097179,4/3/2017,tardy,209097179|4/3/2017,FALSE
330,214788507,4/3/2017,tardy,214788507|4/3/2017,FALSE
331,218065035,4/6/2017,Early departure,218065035|4/6/2017,FALSE
332,236959441,3/15/2017,Early departure,236959441|3/15/2017,FALSE
333,222581233,3/15/2017,Early departure,222581233|3/15/2017,True
334,236969077,4/6/2017,Early departure,236969077|4/6/2017,FALSE
335,217953355,3/15/2017,Early departure,217953355|3/15/2017,FALSE
336,207052606,4/6/2017,Early departure,207052606|4/6/2017,FALSE
337,220499545,3/13/2017,Early departure,220499545|3/13/2017,FALSE
338,220962914,3/13/2017,Early departure,220962914|3/13/2017,FALSE
339,216631093,3/13/2017,Early departure,216631093|3/13/2017,FALSE
340,220389456,3/13/2017,Early departure,220389456|3/13/2017,FALSE
341,216863860,3/15/2017,Early departure,216863860|3/15/2017,True
342,223198193,3/23/2017,Early departure,223198193|3/23/2017,FALSE
343,221142714,4/6/2017,Early departure,221142714|4/6/2017,FALSE
344,226672145,4/6/2017,Early departure,226672145|4/6/2017,FALSE
345,215890245,4/6/2017,Early departure,215890245|4/6/2017,FALSE
346,216487819,4/6/2017,Early departure,216487819|4/6/2017,FALSE
347,235383247,4/6/2017,Early departure,235383247|4/6/2017,FALSE
348,216453183,4/6/2017,Early departure,216453183|4/6/2017,FALSE
349,223274853,4/6/2017,Early departure,223274853|4/6/2017,FALSE
350,224819219,4/6/2017,Early departure,224819219|4/6/2017,FALSE
351,236959094,3/13/2017,Early departure,236959094|3/13/2017,FALSE
352,220962930,4/6/2017,Early departure,220962930|4/6/2017,FALSE
353,216453423,4/6/2017,Early departure,216453423|4/6/2017,FALSE
354,216885871,3/13/2017,Early departure,216885871|3/13/2017,FALSE
355,223983198,3/15/2017,Early departure,223983198|3/15/2017,FALSE
356,215675604,3/15/2017,Early departure,215675604|3/15/2017,True
357,236052197,4/6/2017,Early departure,236052197|4/6/2017,FALSE
358,220368674,4/6/2017,Early departure,220368674|4/6/2017,FALSE
359,223339714,3/15/2017,Early departure,223339714|3/15/2017,FALSE
360,218545978,3/13/2017,Early departure,218545978|3/13/2017,FALSE
361,216102640,3/15/2017,Early departure,216102640|3/15/2017,FALSE
362,216564161,3/15/2017,Early departure,216564161|3/15/2017,True
363,237002209,3/15/2017,Early departure,237002209|3/15/2017,FALSE
364,216759860,3/15/2017,Early departure,216759860|3/15/2017,FALSE
365,217182989,3/15/2017,Early departure,217182989|3/15/2017,True
366,214888349,3/15/2017,Early departure,214888349|3/15/2017,FALSE
367,224819219,3/23/2017,Early departure,224819219|3/23/2017,FALSE
368,215738816,3/23/2017,Early departure,215738816|3/23/2017,FALSE
369,220982136,3/23/2017,Early departure,220982136|3/23/2017,FALSE
370,222274300,3/23/2017,Early departure,222274300|3/23/2017,FALSE
371,223323957,3/23/2017,Early departure,223323957|3/23/2017,FALSE
372,222467359,3/23/2017,Early departure,222467359|3/23/2017,FALSE
373,218509479,3/23/2017,Early departure,218509479|3/23/2017,True
374,223156704,3/23/2017,Early departure,223156704|3/23/2017,FALSE
375,216766659,3/23/2017,Early departure,216766659|3/23/2017,FALSE
376,215675604,3/23/2017,Early departure,215675604|3/23/2017,FALSE
377,213777147,3/13/2017,Early departure,213777147|3/13/2017,FALSE
378,216440479,3/13/2017,Early departure,216440479|3/13/2017,FALSE
379,237134309,3/13/2017,Early departure,237134309|3/13/2017,FALSE
380,227688280,3/13/2017,Early departure,227688280|3/13/2017,FALSE
381,231764408,3/13/2017,Early departure,231764408|3/13/2017,FALSE
382,222598781,3/13/2017,Early departure,222598781|3/13/2017,FALSE
383,223108622,3/13/2017,Early departure,223108622|3/13/2017,FALSE
384,223206558,3/13/2017,Early departure,223206558|3/13/2017,FALSE
385,219935822,3/13/2017,Early departure,219935822|3/13/2017,FALSE
386,232531681,3/13/2017,Early departure,232531681|3/13/2017,FALSE
387,275281558,3/13/2017,Early departure,275281558|3/13/2017,FALSE
388,226884740,3/13/2017,Early departure,226884740|3/13/2017,FALSE
389,216486993,3/13/2017,Early departure,216486993|3/13/2017,FALSE
390,214492027,3/23/2017,Early departure,214492027|3/23/2017,FALSE
391,216273300,3/15/2017,Early departure,216273300|3/15/2017,FALSE
392,239651193,3/13/2017,Early departure,239651193|3/13/2017,FALSE
393,214712432,3/15/2017,Early departure,214712432|3/15/2017,FALSE
394,215238999,3/15/2017,Early departure,215238999|3/15/2017,FALSE
395,220012637,3/15/2017,Early departure,220012637|3/15/2017,True
396,216486993,3/15/2017,Early departure,216486993|3/15/2017,FALSE
397,232403402,3/15/2017,Early departure,232403402|3/15/2017,FALSE
398,216453423,3/13/2017,Early departure,216453423|3/13/2017,FALSE
399,220214647,3/23/2017,Early departure,220214647|3/23/2017,FALSE
400,237002209,3/23/2017,Early departure,237002209|3/23/2017,FALSE
401,242942639,3/23/2017,Early departure,242942639|3/23/2017,FALSE
402,226777548,3/23/2017,Early departure,226777548|3/23/2017,FALSE
403,217197920,3/13/2017,Early departure,217197920|3/13/2017,FALSE
404,220288385,3/23/2017,Early departure,220288385|3/23/2017,FALSE
405,219995776,3/13/2017,Early departure,219995776|3/13/2017,FALSE
406,217197698,3/13/2017,Early departure,217197698|3/13/2017,FALSE
407,220102644,3/13/2017,Early departure,220102644|3/13/2017,FALSE
408,222247652,3/13/2017,Early departure,222247652|3/13/2017,FALSE
409,220370043,3/13/2017,Early departure,220370043|3/13/2017,FALSE
410,220372304,3/13/2017,Early departure,220372304|3/13/2017,FALSE
411,215455122,3/13/2017,Early departure,215455122|3/13/2017,FALSE
412,223269705,3/13/2017,Early departure,223269705|3/13/2017,FALSE
413,223323957,3/13/2017,Early departure,223323957|3/13/2017,FALSE
414,221181480,3/13/2017,Early departure,221181480|3/13/2017,FALSE
415,222537607,3/13/2017,Early departure,222537607|3/13/2017,FALSE
416,219936788,3/13/2017,Early departure,219936788|3/13/2017,FALSE
417,221373046,3/13/2017,Early departure,221373046|3/13/2017,FALSE
418,216215483,4/6/2017,Early departure,216215483|4/6/2017,FALSE
419,236966107,4/6/2017,Early departure,236966107|4/6/2017,FALSE
420,221536113,3/13/2017,Early departure,221536113|3/13/2017,FALSE
421,207052606,3/13/2017,Early departure,207052606|3/13/2017,FALSE
422,220012579,4/6/2017,Early departure,220012579|4/6/2017,FALSE
423,209886068,4/6/2017,Early departure,209886068|4/6/2017,FALSE
424,220317283,4/6/2017,Early departure,220317283|4/6/2017,FALSE
425,214508384,4/6/2017,Early departure,214508384|4/6/2017,FALSE
426,220328215,4/6/2017,Early departure,220328215|4/6/2017,FALSE
427,227688280,4/6/2017,Early departure,227688280|4/6/2017,FALSE
428,220288385,4/6/2017,Early departure,220288385|4/6/2017,FALSE
429,221013758,4/6/2017,Early departure,221013758|4/6/2017,FALSE
430,221214497,4/6/2017,Early departure,221214497|4/6/2017,FALSE
431,218545978,3/15/2017,Early departure,218545978|3/15/2017,FALSE
432,220879977,3/13/2017,Early departure,220879977|3/13/2017,FALSE
433,216487819,3/13/2017,Early departure,216487819|3/13/2017,FALSE
434,216116616,3/13/2017,Early departure,216116616|3/13/2017,FALSE
435,216487223,3/13/2017,Early departure,216487223|3/13/2017,FALSE
436,223274853,3/13/2017,Early departure,223274853|3/13/2017,FALSE
437,218924942,3/13/2017,Early departure,218924942|3/13/2017,FALSE
438,215540311,3/13/2017,Early departure,215540311|3/13/2017,FALSE
439,215453226,3/15/2017,Early departure,215453226|3/15/2017,FALSE
440,239651193,3/15/2017,Early departure,239651193|3/15/2017,FALSE
441,212804280,3/23/2017,Early departure,212804280|3/23/2017,FALSE
442,220370043,3/23/2017,Early departure,220370043|3/23/2017,FALSE
443,220703003,3/23/2017,Early departure,220703003|3/23/2017,FALSE
444,215732025,4/6/2017,Early departure,215732025|4/6/2017,FALSE
445,220135701,4/6/2017,Early departure,220135701|4/6/2017,FALSE
446,216403600,4/6/2017,Early departure,216403600|4/6/2017,FALSE
447,240191627,4/6/2017,Early departure,240191627|4/6/2017,FALSE
448,216490482,4/6/2017,Early departure,216490482|4/6/2017,FALSE
449,217315563,4/6/2017,Early departure,217315563|4/6/2017,FALSE
450,240758177,3/23/2017,Early departure,240758177|3/23/2017,FALSE
451,218688414,3/23/2017,Early departure,218688414|3/23/2017,FALSE
452,226672012,4/6/2017,Early departure,226672012|4/6/2017,FALSE
453,218621787,3/15/2017,Early departure,218621787|3/15/2017,FALSE
454,223156704,3/15/2017,Early departure,223156704|3/15/2017,FALSE
455,220368674,3/15/2017,Early departure,220368674|3/15/2017,FALSE
456,216095224,3/15/2017,Early departure,216095224|3/15/2017,FALSE
457,226672145,3/15/2017,Early departure,226672145|3/15/2017,FALSE
458,220214738,3/15/2017,Early departure,220214738|3/15/2017,FALSE
459,220162432,3/15/2017,Early departure,220162432|3/15/2017,FALSE
460,220301287,3/15/2017,Early departure,220301287|3/15/2017,FALSE
461,223241829,3/15/2017,Early departure,223241829|3/15/2017,True
462,234897031,3/15/2017,Early departure,234897031|3/15/2017,FALSE
463,219714201,3/15/2017,Early departure,219714201|3/15/2017,FALSE
464,223331547,3/15/2017,Early departure,223331547|3/15/2017,FALSE
465,219040045,3/15/2017,Early departure,219040045|3/15/2017,FALSE
466,224358028,3/15/2017,Early departure,224358028|3/15/2017,FALSE
467,224819219,3/15/2017,Early departure,224819219|3/15/2017,FALSE
468,223444464,3/15/2017,Early departure,223444464|3/15/2017,FALSE
469,223198193,4/6/2017,Early departure,223198193|4/6/2017,FALSE
470,221163843,3/15/2017,Early departure,221163843|3/15/2017,FALSE
471,223276627,3/15/2017,Early departure,223276627|3/15/2017,True
472,223276627,3/15/2017,Early departure,223276627|3/15/2017,True
473,236959060,4/6/2017,Early departure,236959060|4/6/2017,FALSE
474,223444464,4/6/2017,Early departure,223444464|4/6/2017,FALSE
475,233775485,3/15/2017,Early departure,233775485|3/15/2017,FALSE
476,234681138,3/15/2017,Early departure,234681138|3/15/2017,FALSE
477,218601979,3/13/2017,Early departure,218601979|3/13/2017,FALSE
478,218688414,4/6/2017,Early departure,218688414|4/6/2017,FALSE
479,223302100,3/23/2017,Early departure,223302100|3/23/2017,FALSE
480,218512499,3/23/2017,Early departure,218512499|3/23/2017,True
481,219759081,3/23/2017,Early departure,219759081|3/23/2017,FALSE
482,216453423,3/23/2017,Early departure,216453423|3/23/2017,FALSE
483,220117584,3/23/2017,Early departure,220117584|3/23/2017,FALSE
484,216487819,3/23/2017,Early departure,216487819|3/23/2017,FALSE
485,239651193,3/23/2017,Early departure,239651193|3/23/2017,FALSE
486,220301287,3/23/2017,Early departure,220301287|3/23/2017,FALSE
487,220499545,3/23/2017,Early departure,220499545|3/23/2017,FALSE
488,222274300,3/13/2017,Early departure,222274300|3/13/2017,FALSE
489,216328336,3/13/2017,Early departure,216328336|3/13/2017,FALSE
490,217865765,3/13/2017,Early departure,217865765|3/13/2017,FALSE
491,219759081,3/13/2017,Early departure,219759081|3/13/2017,FALSE
492,216901348,3/13/2017,Early departure,216901348|3/13/2017,FALSE
493,236741534,3/13/2017,Early departure,236741534|3/13/2017,FALSE
494,221373053,3/15/2017,Early departure,221373053|3/15/2017,True
495,216766758,3/15/2017,Early departure,216766758|3/15/2017,FALSE
496,220879977,3/15/2017,Early departure,220879977|3/15/2017,FALSE
497,214313231,3/15/2017,Early departure,214313231|3/15/2017,True
498,206591950,4/6/2017,Early departure,206591950|4/6/2017,FALSE
499,216116616,4/6/2017,Early departure,216116616|4/6/2017,FALSE
500,220126635,4/6/2017,Early departure,220126635|4/6/2017,True
501,222467359,4/6/2017,Early departure,222467359|4/6/2017,True
502,216440479,4/6/2017,Early departure,216440479|4/6/2017,FALSE
503,234681138,4/6/2017,Early departure,234681138|4/6/2017,FALSE
504,215453226,4/6/2017,Early departure,215453226|4/6/2017,FALSE
505,239651193,4/6/2017,Early departure,239651193|4/6/2017,FALSE
506,223339714,4/6/2017,Early departure,223339714|4/6/2017,FALSE
507,222656407,4/6/2017,Early departure,222656407|4/6/2017,FALSE
508,216144675,4/6/2017,Early departure,216144675|4/6/2017,FALSE
509,219293461,3/15/2017,Early departure,219293461|3/15/2017,FALSE
510,219293461,4/6/2017,Early departure,219293461|4/6/2017,FALSE
511,215890245,3/15/2017,Early departure,215890245|3/15/2017,FALSE
512,225161025,4/6/2017,Early departure,225161025|4/6/2017,FALSE
513,217327329,3/23/2017,Early departure,217327329|3/23/2017,FALSE
514,216273300,4/6/2017,Early departure,216273300|4/6/2017,FALSE
515,220982136,4/6/2017,Early departure,220982136|4/6/2017,True
516,207052606,3/15/2017,Early departure,207052606|3/15/2017,FALSE
517,221855265,4/6/2017,Early departure,221855265|4/6/2017,FALSE
518,218512499,3/15/2017,Early departure,218512499|3/15/2017,FALSE
519,220435614,4/6/2017,Early departure,220435614|4/6/2017,FALSE
520,220306765,4/6/2017,Early departure,220306765|4/6/2017,FALSE
521,215453226,3/23/2017,Early departure,215453226|3/23/2017,FALSE
522,236052197,3/23/2017,Early departure,236052197|3/23/2017,FALSE
523,234147247,3/23/2017,Early departure,234147247|3/23/2017,FALSE
524,236959094,3/23/2017,Early departure,236959094|3/23/2017,FALSE
525,216215483,3/23/2017,Early departure,216215483|3/23/2017,FALSE
526,221381601,3/23/2017,Early departure,221381601|3/23/2017,FALSE
527,219567153,3/23/2017,Early departure,219567153|3/23/2017,FALSE
528,236958724,3/23/2017,Early departure,236958724|3/23/2017,FALSE
529,218924942,3/23/2017,Early departure,218924942|3/23/2017,FALSE
530,220202287,3/23/2017,Early departure,220202287|3/23/2017,FALSE
531,222892978,3/13/2017,Early departure,222892978|3/13/2017,FALSE
532,221013717,3/13/2017,Early departure,221013717|3/13/2017,FALSE
533,218012326,3/15/2017,Early departure,218012326|3/15/2017,FALSE
534,223357377,3/15/2017,Early departure,223357377|3/15/2017,FALSE
535,223554148,3/15/2017,Early departure,223554148|3/15/2017,FALSE
536,222552374,3/15/2017,Early departure,222552374|3/15/2017,FALSE
537,220377972,3/15/2017,Early departure,220377972|3/15/2017,True
538,216766659,3/13/2017,Early departure,216766659|3/13/2017,FALSE
539,215675604,3/13/2017,Early departure,215675604|3/13/2017,FALSE
540,237002209,3/13/2017,Early departure,237002209|3/13/2017,FALSE
541,215238999,3/13/2017,Early departure,215238999|3/13/2017,FALSE
542,220814677,3/13/2017,Early departure,220814677|3/13/2017,FALSE
543,222642464,3/13/2017,Early departure,222642464|3/13/2017,FALSE
544,214788507,3/15/2017,Early departure,214788507|3/15/2017,FALSE
545,216453423,3/15/2017,Early departure,216453423|3/15/2017,FALSE
546,214492027,3/15/2017,Early departure,214492027|3/15/2017,FALSE
547,218607315,3/15/2017,Early departure,218607315|3/15/2017,FALSE
548,208659789,3/15/2017,Early departure,208659789|3/15/2017,FALSE
549,219581998,3/15/2017,Early departure,219581998|3/15/2017,FALSE
550,224358028,3/23/2017,Early departure,224358028|3/23/2017,FALSE
551,218509479,3/23/2017,Early departure,218509479|3/23/2017,True
552,215238999,3/23/2017,Early departure,215238999|3/23/2017,FALSE
553,216144675,3/23/2017,Early departure,216144675|3/23/2017,FALSE
554,220703003,4/6/2017,Early departure,220703003|4/6/2017,FALSE
555,214926875,3/15/2017,Early departure,214926875|3/15/2017,FALSE
556,226857217,4/6/2017,Early departure,226857217|4/6/2017,FALSE
557,220126635,4/6/2017,Early departure,220126635|4/6/2017,True
558,221373053,4/6/2017,Early departure,221373053|4/6/2017,FALSE
559,219935822,4/6/2017,Early departure,219935822|4/6/2017,FALSE
560,219759081,4/6/2017,Early departure,219759081|4/6/2017,FALSE
561,218924942,4/6/2017,Early departure,218924942|4/6/2017,FALSE
562,222028235,4/6/2017,Early departure,222028235|4/6/2017,FALSE
563,220149744,3/13/2017,Early departure,220149744|3/13/2017,FALSE
564,213403314,3/13/2017,Early departure,213403314|3/13/2017,FALSE
565,219592011,3/13/2017,Early departure,219592011|3/13/2017,FALSE
566,221273410,3/13/2017,Early departure,221273410|3/13/2017,FALSE
567,220214738,3/13/2017,Early departure,220214738|3/13/2017,FALSE
568,216046821,3/13/2017,Early departure,216046821|3/13/2017,FALSE
569,215453226,3/13/2017,Early departure,215453226|3/13/2017,True
570,222467359,4/6/2017,Early departure,222467359|4/6/2017,True
571,220368674,3/13/2017,Early departure,220368674|3/13/2017,FALSE
572,235383247,3/13/2017,Early departure,235383247|3/13/2017,FALSE
573,224458307,4/6/2017,Early departure,224458307|4/6/2017,FALSE
574,240438788,3/15/2017,Early departure,240438788|3/15/2017,FALSE
575,226879203,3/15/2017,Early departure,226879203|3/15/2017,FALSE
576,217865765,3/15/2017,Early departure,217865765|3/15/2017,FALSE
577,206591950,3/23/2017,Early departure,206591950|3/23/2017,FALSE
578,216759860,3/23/2017,Early departure,216759860|3/23/2017,FALSE
579,220372304,3/23/2017,Early departure,220372304|3/23/2017,FALSE
580,217197920,3/23/2017,Early departure,217197920|3/23/2017,FALSE
581,217197938,3/23/2017,Early departure,217197938|3/23/2017,True
582,218065035,3/23/2017,Early departure,218065035|3/23/2017,FALSE
583,217197938,3/23/2017,Early departure,217197938|3/23/2017,True
584,220982136,4/6/2017,Early departure,220982136|4/6/2017,True
585,209245166,4/6/2017,Early departure,209245166|4/6/2017,FALSE
586,222581233,3/15/2017,Early departure,222581233|3/15/2017,True
587,201706009,3/15/2017,Early departure,201706009|3/15/2017,True
588,223371634,3/15/2017,Early departure,223371634|3/15/2017,FALSE
589,220135701,3/15/2017,Early departure,220135701|3/15/2017,FALSE
590,233561125,3/15/2017,Early departure,233561125|3/15/2017,FALSE
591,223233677,3/15/2017,Early departure,223233677|3/15/2017,FALSE
592,222594566,3/15/2017,Early departure,222594566|3/15/2017,FALSE
593,220377972,3/15/2017,Early departure,220377972|3/15/2017,True
594,220472872,3/15/2017,Early departure,220472872|3/15/2017,FALSE
595,218634418,4/6/2017,Early departure,218634418|4/6/2017,FALSE
596,216901678,4/6/2017,Early departure,216901678|4/6/2017,FALSE
597,212713291,3/13/2017,Early departure,212713291|3/13/2017,FALSE
598,218468627,3/15/2017,Early departure,218468627|3/15/2017,True
599,221536113,3/23/2017,Early departure,221536113|3/23/2017,FALSE
600,220274336,3/23/2017,Early departure,220274336|3/23/2017,FALSE
601,220257570,3/23/2017,Early departure,220257570|3/23/2017,FALSE
602,223131418,3/13/2017,Early departure,223131418|3/13/2017,FALSE
603,222822959,3/15/2017,Early departure,222822959|3/15/2017,FALSE
604,217531037,3/15/2017,Early departure,217531037|3/15/2017,FALSE
605,222892978,3/23/2017,Early departure,222892978|3/23/2017,FALSE
606,209076322,3/23/2017,Early departure,209076322|3/23/2017,FALSE
607,220162432,3/23/2017,Early departure,220162432|3/23/2017,FALSE
608,221125842,3/23/2017,Early departure,221125842|3/23/2017,FALSE
609,226728848,3/23/2017,Early departure,226728848|3/23/2017,FALSE
610,217102995,3/23/2017,Early departure,217102995|3/23/2017,FALSE
611,237002217,3/23/2017,Early departure,237002217|3/23/2017,FALSE
612,221218332,3/23/2017,Early departure,221218332|3/23/2017,FALSE
613,226879203,3/23/2017,Early departure,226879203|3/23/2017,FALSE
614,216885871,3/23/2017,Early departure,216885871|3/23/2017,FALSE
615,216563965,3/23/2017,Early departure,216563965|3/23/2017,FALSE
616,221373079,3/23/2017,Early departure,221373079|3/23/2017,FALSE
617,234147247,3/15/2017,Early departure,234147247|3/15/2017,FALSE
618,236052197,3/15/2017,Early departure,236052197|3/15/2017,FALSE
619,220117584,3/13/2017,Early departure,220117584|3/13/2017,FALSE
620,216490482,3/13/2017,Early departure,216490482|3/13/2017,FALSE
621,220288385,3/15/2017,Early departure,220288385|3/15/2017,FALSE
622,226723435,3/13/2017,Early departure,226723435|3/13/2017,FALSE
623,220257570,3/15/2017,Early departure,220257570|3/15/2017,FALSE
624,220162838,3/15/2017,Early departure,220162838|3/15/2017,FALSE
625,215732025,3/13/2017,Early departure,215732025|3/13/2017,True
626,215770017,3/13/2017,Early departure,215770017|3/13/2017,FALSE
627,217315563,3/13/2017,Early departure,217315563|3/13/2017,FALSE
628,236969077,3/13/2017,Early departure,236969077|3/13/2017,FALSE
629,215732025,3/13/2017,Early departure,215732025|3/13/2017,True
630,215016338,3/13/2017,Early departure,215016338|3/13/2017,FALSE
631,226728848,3/13/2017,Early departure,226728848|3/13/2017,FALSE
632,216102640,3/13/2017,Early departure,216102640|3/13/2017,FALSE
633,222537730,3/15/2017,Early departure,222537730|3/15/2017,True
634,209245166,3/13/2017,Early departure,209245166|3/13/2017,FALSE
635,216863860,3/13/2017,Early departure,216863860|3/13/2017,FALSE
636,217197938,4/6/2017,Early departure,217197938|4/6/2017,True
637,217197938,4/6/2017,Early departure,217197938|4/6/2017,True
638,217197920,4/6/2017,Early departure,217197920|4/6/2017,True
639,217327329,4/6/2017,Early departure,217327329|4/6/2017,FALSE
640,218509479,3/15/2017,Early departure,218509479|3/15/2017,FALSE
641,226879203,4/6/2017,Early departure,226879203|4/6/2017,FALSE
642,217197920,4/6/2017,Early departure,217197920|4/6/2017,True
643,215238999,4/6/2017,Early departure,215238999|4/6/2017,FALSE
644,221218332,4/6/2017,Early departure,221218332|4/6/2017,FALSE
645,216356352,4/6/2017,Early departure,216356352|4/6/2017,FALSE
646,216486993,4/6/2017,Early departure,216486993|4/6/2017,FALSE
647,215009176,4/6/2017,Early departure,215009176|4/6/2017,FALSE
648,226728848,4/6/2017,Early departure,226728848|4/6/2017,FALSE
649,217060938,4/6/2017,Early departure,217060938|4/6/2017,FALSE
650,216766659,4/6/2017,Early departure,216766659|4/6/2017,FALSE
651,242036549,4/6/2017,Early departure,242036549|4/6/2017,FALSE
652,215675604,4/6/2017,Early departure,215675604|4/6/2017,FALSE
653,232981423,4/6/2017,Early departure,232981423|4/6/2017,FALSE
654,217060938,3/15/2017,Early departure,217060938|3/15/2017,FALSE
655,222274300,4/6/2017,Early departure,222274300|4/6/2017,FALSE
656,217315563,3/23/2017,Early departure,217315563|3/23/2017,FALSE
657,215170036,3/15/2017,Early departure,215170036|3/15/2017,FALSE
658,221038375,3/15/2017,Early departure,221038375|3/15/2017,FALSE
659,221013758,3/15/2017,Early departure,221013758|3/15/2017,FALSE
660,242942639,3/15/2017,Early departure,242942639|3/15/2017,FALSE
661,218601979,3/15/2017,Early departure,218601979|3/15/2017,FALSE
662,226730190,3/15/2017,Early departure,226730190|3/15/2017,FALSE
663,226672145,3/23/2017,Early departure,226672145|3/23/2017,FALSE
664,216901348,3/23/2017,Early departure,216901348|3/23/2017,FALSE
665,232702704,4/6/2017,Early departure,232702704|4/6/2017,FALSE
666,215770017,4/6/2017,Early departure,215770017|4/6/2017,FALSE
667,216360487,3/23/2017,Early departure,216360487|3/23/2017,FALSE
668,232981423,3/15/2017,Early departure,232981423|3/15/2017,True
669,238069728,4/6/2017,Early departure,238069728|4/6/2017,FALSE
670,216487223,4/6/2017,Early departure,216487223|4/6/2017,FALSE
671,215219718,4/6/2017,Early departure,215219718|4/6/2017,FALSE
672,217008168,3/23/2017,Early departure,217008168|3/23/2017,FALSE
673,219935822,3/23/2017,Early departure,219935822|3/23/2017,FALSE
674,215455122,4/6/2017,Early departure,215455122|4/6/2017,FALSE
675,216631093,4/6/2017,Early departure,216631093|4/6/2017,FALSE
676,234147247,4/6/2017,Early departure,234147247|4/6/2017,FALSE
677,237002217,4/6/2017,Early departure,237002217|4/6/2017,FALSE
678,220026173,4/6/2017,Early departure,220026173|4/6/2017,FALSE
679,215970310,4/6/2017,Early departure,215970310|4/6/2017,FALSE
680,223323957,4/6/2017,Early departure,223323957|4/6/2017,FALSE
681,220274336,3/13/2017,Early departure,220274336|3/13/2017,FALSE
682,236959060,3/13/2017,Early departure,236959060|3/13/2017,FALSE
683,213686009,3/13/2017,Early departure,213686009|3/13/2017,FALSE
684,220301287,3/13/2017,Early departure,220301287|3/13/2017,FALSE
685,236958724,3/13/2017,Early departure,236958724|3/13/2017,FALSE
686,238069728,3/13/2017,Early departure,238069728|3/13/2017,FALSE
687,226672145,3/13/2017,Early departure,226672145|3/13/2017,FALSE
688,221381601,3/13/2017,Early departure,221381601|3/13/2017,FALSE
689,220288385,3/13/2017,Early departure,220288385|3/13/2017,FALSE
690,221214497,3/13/2017,Early departure,221214497|3/13/2017,FALSE
691,220346779,3/13/2017,Early departure,220346779|3/13/2017,FALSE
692,218512499,4/6/2017,Early departure,218512499|4/6/2017,FALSE
693,223269705,4/6/2017,Early departure,223269705|4/6/2017,FALSE
694,215170036,4/6/2017,Early departure,215170036|4/6/2017,FALSE
695,218512499,3/23/2017,Early departure,218512499|3/23/2017,True
696,219590833,3/23/2017,Early departure,219590833|3/23/2017,FALSE
697,218512499,3/23/2017,Early departure,218512499|3/23/2017,True
698,218512499,3/23/2017,Early departure,218512499|3/23/2017,True
699,217182989,3/23/2017,Early departure,217182989|3/23/2017,FALSE
700,215016338,3/23/2017,Early departure,215016338|3/23/2017,FALSE
701,218512499,3/23/2017,Early departure,218512499|3/23/2017,True
702,215770017,3/23/2017,Early departure,215770017|3/23/2017,FALSE
703,218512499,3/23/2017,Early departure,218512499|3/23/2017,True
704,218512499,3/23/2017,Early departure,218512499|3/23/2017,True
705,220372304,4/6/2017,Early departure,220372304|4/6/2017,FALSE
706,224358028,4/6/2017,Early departure,224358028|4/6/2017,FALSE
707,223156639,3/15/2017,Early departure,223156639|3/15/2017,FALSE
708,216360487,3/15/2017,Early departure,216360487|3/15/2017,FALSE
709,216403600,3/15/2017,Early departure,216403600|3/15/2017,FALSE
710,214591653,3/15/2017,Early departure,214591653|3/15/2017,FALSE
711,218609774,3/15/2017,Early departure,218609774|3/15/2017,FALSE
712,221461676,3/15/2017,Early departure,221461676|3/15/2017,FALSE
713,220181978,3/15/2017,Early departure,220181978|3/15/2017,FALSE
714,215559154,3/15/2017,Early departure,215559154|3/15/2017,FALSE
715,216487223,3/15/2017,Early departure,216487223|3/15/2017,FALSE
716,223164799,3/15/2017,Early departure,223164799|3/15/2017,FALSE
717,214926875,4/6/2017,Early departure,214926875|4/6/2017,FALSE
718,220328215,3/15/2017,Early departure,220328215|3/15/2017,FALSE
719,223302100,3/13/2017,Early departure,223302100|3/13/2017,FALSE
720,220328215,3/13/2017,Early departure,220328215|3/13/2017,FALSE
721,223275090,3/15/2017,Early departure,223275090|3/15/2017,FALSE
722,216563965,3/13/2017,Early departure,216563965|3/13/2017,FALSE
723,218923126,3/13/2017,Early departure,218923126|3/13/2017,FALSE
724,218661437,3/13/2017,Early departure,218661437|3/13/2017,FALSE
725,219567153,3/13/2017,Early departure,219567153|3/13/2017,FALSE
726,216360487,3/13/2017,Early departure,216360487|3/13/2017,FALSE
727,226529576,3/13/2017,Early departure,226529576|3/13/2017,FALSE
728,242942639,3/13/2017,Early departure,242942639|3/13/2017,FALSE
729,221104367,3/13/2017,Early departure,221104367|3/13/2017,FALSE
730,220872287,3/13/2017,Early departure,220872287|3/13/2017,FALSE
731,220879779,3/13/2017,Early departure,220879779|3/13/2017,FALSE
732,220472872,3/13/2017,Early departure,220472872|3/13/2017,FALSE
733,218595841,3/13/2017,Early departure,218595841|3/13/2017,FALSE
734,215453226,3/13/2017,Early departure,215453226|3/13/2017,True
735,223206558,3/15/2017,Early departure,223206558|3/15/2017,FALSE
736,232981423,3/15/2017,Early departure,232981423|3/15/2017,True
737,217197938,3/13/2017,Early departure,217197938|3/13/2017,FALSE
738,232702704,3/13/2017,Early departure,232702704|3/13/2017,FALSE
739,219293461,3/13/2017,Early departure,219293461|3/13/2017,FALSE
740,216144675,3/13/2017,Early departure,216144675|3/13/2017,True
741,217182989,3/13/2017,Early departure,217182989|3/13/2017,FALSE
742,216144675,3/13/2017,Early departure,216144675|3/13/2017,True
743,223198193,3/13/2017,Early departure,223198193|3/13/2017,FALSE
744,217008168,3/15/2017,Early departure,217008168|3/15/2017,FALSE
745,216863860,3/15/2017,Early departure,216863860|3/15/2017,True
746,221855265,3/15/2017,Early departure,221855265|3/15/2017,True
747,220126635,3/15/2017,Early departure,220126635|3/15/2017,FALSE
748,220962914,3/15/2017,Early departure,220962914|3/15/2017,FALSE
749,221142714,3/15/2017,Early departure,221142714|3/15/2017,FALSE
750,221125842,3/15/2017,Early departure,221125842|3/15/2017,FALSE
751,216046821,3/15/2017,Early departure,216046821|3/15/2017,FALSE
752,218468627,3/15/2017,Early departure,218468627|3/15/2017,True
753,216242248,4/6/2017,Early departure,216242248|4/6/2017,FALSE
754,218923126,4/6/2017,Early departure,218923126|4/6/2017,FALSE
755,218116036,4/6/2017,Early departure,218116036|4/6/2017,FALSE
756,216046821,4/6/2017,Early departure,216046821|4/6/2017,FALSE
757,220181978,4/6/2017,Early departure,220181978|4/6/2017,FALSE
758,223241829,4/6/2017,Early departure,223241829|4/6/2017,FALSE
759,220102644,4/6/2017,Early departure,220102644|4/6/2017,FALSE
760,217102995,4/6/2017,Early departure,217102995|4/6/2017,FALSE
761,216538280,4/6/2017,Early departure,216538280|4/6/2017,FALSE
762,214842387,4/6/2017,Early departure,214842387|4/6/2017,FALSE
763,232531681,3/15/2017,Early departure,232531681|3/15/2017,FALSE
764,226749372,3/15/2017,Early departure,226749372|3/15/2017,FALSE
765,236969077,3/23/2017,Early departure,236969077|3/23/2017,FALSE
766,216490482,3/23/2017,Early departure,216490482|3/23/2017,FALSE
767,215219718,3/23/2017,Early departure,215219718|3/23/2017,FALSE
768,231764408,3/23/2017,Early departure,231764408|3/23/2017,FALSE
769,213145568,3/23/2017,Early departure,213145568|3/23/2017,FALSE
770,217198100,3/23/2017,Early departure,217198100|3/23/2017,FALSE
771,216486993,3/23/2017,Early departure,216486993|3/23/2017,FALSE
772,221251531,3/23/2017,Early departure,221251531|3/23/2017,FALSE
773,223206558,3/23/2017,Early departure,223206558|3/23/2017,FALSE
774,212915938,4/6/2017,Early departure,212915938|4/6/2017,FALSE
775,215883398,4/6/2017,Early departure,215883398|4/6/2017,FALSE
776,215016338,4/6/2017,Early departure,215016338|4/6/2017,FALSE
777,236966107,3/23/2017,Early departure,236966107|3/23/2017,FALSE
778,218556140,3/15/2017,Early departure,218556140|3/15/2017,FALSE
779,219441607,3/15/2017,Early departure,219441607|3/15/2017,FALSE
780,222467359,3/15/2017,Early departure,222467359|3/15/2017,FALSE
781,221181480,3/15/2017,Early departure,221181480|3/15/2017,FALSE
782,220962930,3/15/2017,Early departure,220962930|3/15/2017,FALSE
783,222537607,3/15/2017,Early departure,222537607|3/15/2017,FALSE
784,220346779,4/6/2017,Early departure,220346779|4/6/2017,FALSE
785,215738816,4/6/2017,Early departure,215738816|4/6/2017,FALSE
786,219995776,4/6/2017,Early departure,219995776|4/6/2017,FALSE
787,221013758,3/23/2017,Early departure,221013758|3/23/2017,FALSE
788,227189917,3/23/2017,Early departure,227189917|3/23/2017,FALSE
789,220328215,3/23/2017,Early departure,220328215|3/23/2017,FALSE
790,216102640,3/23/2017,Early departure,216102640|3/23/2017,FALSE
791,218545978,4/6/2017,Early departure,218545978|4/6/2017,FALSE
792,222537680,3/13/2017,Early departure,222537680|3/13/2017,FALSE
793,220703003,3/13/2017,Early departure,220703003|3/13/2017,FALSE
794,218971257,3/13/2017,Early departure,218971257|3/13/2017,FALSE
795,220135701,3/13/2017,Early departure,220135701|3/13/2017,FALSE
796,220914758,3/13/2017,Early departure,220914758|3/13/2017,FALSE
797,221229073,3/13/2017,Early departure,221229073|3/13/2017,FALSE
798,217327329,3/13/2017,Early departure,217327329|3/13/2017,FALSE
799,220012637,4/6/2017,Early departure,220012637|4/6/2017,FALSE
800,205438062,4/6/2017,Early departure,205438062|4/6/2017,FALSE
801,217197698,4/6/2017,Early departure,217197698|4/6/2017,FALSE
802,226884740,3/15/2017,Tardy and Early departure,226884740|3/15/2017,FALSE
803,221855265,3/13/2017,Tardy and Early departure,221855265|3/13/2017,FALSE
804,221253883,3/15/2017,Tardy and Early departure,221253883|3/15/2017,FALSE
805,220012637,3/15/2017,Tardy and Early departure,220012637|3/15/2017,True
806,220879779,3/15/2017,Tardy and Early departure,220879779|3/15/2017,FALSE
807,222656407,3/15/2017,Tardy and Early departure,222656407|3/15/2017,FALSE
808,217865765,3/23/2017,Tardy and Early departure,217865765|3/23/2017,FALSE
809,221373053,3/23/2017,Tardy and Early departure,221373053|3/23/2017,FALSE
810,216538280,3/23/2017,Tardy and Early departure,216538280|3/23/2017,FALSE
811,222028235,3/23/2017,Tardy and Early departure,222028235|3/23/2017,FALSE
812,221142714,3/23/2017,Tardy and Early departure,221142714|3/23/2017,FALSE
813,218512499,3/23/2017,Tardy and Early departure,218512499|3/23/2017,True
814,216273300,3/23/2017,Tardy and Early departure,216273300|3/23/2017,FALSE
815,220102644,3/23/2017,Tardy and Early departure,220102644|3/23/2017,FALSE
816,220378293,3/15/2017,Tardy and Early departure,220378293|3/15/2017,FALSE
817,221855265,3/15/2017,Tardy and Early departure,221855265|3/15/2017,True
818,221373046,3/15/2017,Tardy and Early departure,221373046|3/15/2017,FALSE
819,221373053,3/15/2017,Tardy and Early departure,221373053|3/15/2017,True
820,213403314,3/15/2017,Tardy and Early departure,213403314|3/15/2017,FALSE
821,214842387,3/15/2017,Tardy and Early departure,214842387|3/15/2017,FALSE
822,219293461,3/23/2017,Tardy and Early departure,219293461|3/23/2017,FALSE
823,205438062,3/23/2017,Tardy and Early departure,205438062|3/23/2017,FALSE
824,215732025,3/23/2017,Tardy and Early departure,215732025|3/23/2017,FALSE
825,220314793,3/23/2017,Tardy and Early departure,220314793|3/23/2017,FALSE
826,212713291,3/23/2017,Tardy and Early departure,212713291|3/23/2017,FALSE
827,220026173,3/23/2017,Tardy and Early departure,220026173|3/23/2017,FALSE
828,232702704,3/23/2017,Tardy and Early departure,232702704|3/23/2017,FALSE
829,220149744,3/23/2017,Tardy and Early departure,220149744|3/23/2017,FALSE
830,218545978,3/23/2017,Tardy and Early departure,218545978|3/23/2017,FALSE
831,213026750,3/23/2017,Tardy and Early departure,213026750|3/23/2017,FALSE
832,220012637,3/23/2017,Tardy and Early departure,220012637|3/23/2017,FALSE
833,221855265,3/23/2017,Tardy and Early departure,221855265|3/23/2017,FALSE
834,219592011,3/23/2017,Tardy and Early departure,219592011|3/23/2017,FALSE
835,217197698,3/23/2017,Tardy and Early departure,217197698|3/23/2017,FALSE
